<root>
  <mensagem value="1">Registro Inserido com Sucesso.</mensagem>
  <mensagem value="2">Registro Alterado com Sucesso.</mensagem>
  <mensagem value="3">Registro Exclu%EDdo com Sucesso.</mensagem>
  <mensagem value="4">Opera%E7%E3o realizada com Sucesso.</mensagem>
  <mensagem value="5">Nenhum registro encontrado.</mensagem>
  <mensagem value="6">OverFlow</mensagem>
  <mensagem value="7">Os campos necess%E1rios n%E3o foram preenchidos corretamente.</mensagem>
  <mensagem value="8">Ainda existe documentos obrigat%F3rios pendentes, o cadastro do subcontratado e seus ativos ficar%E3o INCOMPLETO at%E9 a devida regulariza%E7%E3o.</mensagem>
  <mensagem value="9">Ainda existe documentos obrigat%F3rios pendentes, o cadastro do equipamento ficar%E1 INCOMPLETO at%E9 a devida regulariza%E7%E3o.</mensagem>
  <mensagem value="10">Ainda existe documentos obrigat%F3rios pendentes, o cadastro do condutor ficar%E1 INCOMPLETO at%E9 a devida regulariza%E7%E3o.</mensagem>
  <mensagem value="E2">Produto semelhante encontrado.</mensagem>
  <mensagem value="M1">N%E3o foi poss%EDvel incluir o registro%21</mensagem>
  <mensagem value="M2">N%E3o foi poss%EDvel alterar o registro%21</mensagem>
  <mensagem value="M3">N%E3o foi poss%EDvel excluir o registro%21</mensagem>
  <mensagem value="M4">N%E3o foi poss%EDvel obter o(s) registro(s)%21</mensagem>
  <mensagem value="M5">N%E3o foi poss%EDvel realizar a manuten%E7%E3o dos registros%21</mensagem>
  <mensagem value="M6">J%E1 existe este mesmo n%FAmero de DA cadastrado.</mensagem>
  <mensagem value="M7"></mensagem>
  <mensagem value="M8"></mensagem>
  <mensagem value="M9"></mensagem>
  <mensagem value="M10"></mensagem>
  <mensagem value="M11" button="SIM,NAO">Confirma a exclus%E3o%3F</mensagem>
  <mensagem value="M12">Necess%E1rio informar campos obrigat%F3rios</mensagem>
  <mensagem value="M13">Data inv%E1lida %21</mensagem>
  <mensagem value="M14">Per%EDodo inv%E1lido %21</mensagem>
  <mensagem value="M15">CPF inv%E1lido %21</mensagem>
  <mensagem value="M16">CNPJ inv%E1lido %21</mensagem>
  <mensagem value="M17">Necess%E1rio informar pelo menos um campo no filtro.</mensagem>
  <mensagem value="M18">In%EDcio de coordena%E7%E3o deve ser sempre no dia 1o. do m%EAs.</mensagem>
  <mensagem value="M19">Data de in%EDcio de coordena%E7%E3o deve estar dentro da vig%EAncia do contrato.</mensagem>
  <mensagem value="M20">Necess%E1rio informar o campo Mes e Ano no filtro.</mensagem>
  <mensagem value="M21">Houve utiliza%E7%E3o deste contrato no dia [data primeira utilizacao]. Informe uma data anterior a esta.</mensagem>
  <mensagem value="M22">Houve utiliza%E7%E3o deste contrato no dia [data ultima utilizacao]. Informe uma data posterior a esta.</mensagem>
  <mensagem value="M23">In%EDcio e fim de vig%EAncia de um item de contrato devem estar contidos na vig%EAncia do respectivo contrato.</mensagem>
  <mensagem value="M24">Empresa/Filial n%E3o cadastrada.</mensagem>
  <mensagem value="M25">Deseja Cancelar o Contrato%3F</mensagem>
  <mensagem value="M26">N%FAmero de viagens deve ser no m%EDnimo 3 e no m%E1ximo 30.</mensagem>
  <mensagem value="M27">Houve utiliza%E7%E3o deste contrato em data fora desse per%EDodo de vig%EAncia informado.</mensagem>
  <mensagem value="M28">Per%EDodo de vig%EAncia n%E3o pode ser intercalado para um mesmo item de contrato.</mensagem>
  <mensagem value="M29">J%E1 existe uma c%E9lula coordenando o contrato neste per%EDodo.</mensagem>
  <mensagem value="M30">H%E1 informa%E7%F5es n%E3o salvas%2C deseja salvar ou cancelar %3F [salvar] [cancelar]</mensagem>
  <mensagem value="M31">InicioVig%EAncia Inv%E1lida - Existe item deste contrato com in%EDcio de vig%EAncia anterior a esta data.</mensagem>
  <mensagem value="M32">Grupo Corporativo n%E3o cadastrado</mensagem>
  <mensagem value="M33">Cliente n%E3o cadastrado</mensagem>
  <mensagem value="M34">Produto n%E3o cadastrado</mensagem>
  <mensagem value="M35">In%EDcio da nova coordena%E7%E3o deve ser superior ao in%EDcio da coordena%E7%E3o atual.</mensagem>
  <mensagem value="M36">J%E1 existe um contrato cadastrado com estes par%E3metros.</mensagem>
  <mensagem value="M37">Apenas o hist%F3rico da ultima gest%E3o pode ser exclu%EDdo %21</mensagem>
  <mensagem value="M38">Condutor [lista de condutores] j%E1 se encontra alocado em um contrato neste per%EDodo.</mensagem>
  <mensagem value="M39">Equipamento[lista de equipamentos] j%E1 se encontra alugado em um contrato neste per%EDodo.</mensagem>
  <mensagem value="M40">Data de In%EDcio da Coordena%E7%E3o deve ser superior %E0 data de In%EDcio da Coordena%E7%E3o Anterior</mensagem>
  <mensagem value="M41">Data de Fim da Coordena%E7%E3o deve ser maior ou igual a data de in%EDcio da Coordena%E7%E3o.</mensagem>
  <mensagem value="M42">O intervalo da Coordena%E7%E3o definida sobrep%F5e-se ao per%EDodo de uma ou mais coordena%E7%F5es anteriores.</mensagem>
  <mensagem value="M43">Erro inesperado na execu%E7%E3o da consulta.</mensagem>
  <mensagem value="M44">O per%EDodo Especificado sobrep%F5e um ou mais itens do hist%F3rico.</mensagem>
  <mensagem value="M45">N%E3o foi poss%EDvel atualizar o cadastro de Equipamento conforme o item atual de hist%F3rico.</mensagem>
  <mensagem value="M46">Data Fim n%E3o pode ser maior do que a Data Atual.</mensagem>
  <mensagem value="M47">%E9 obrigat%F3rio haver um identificador selecionado.</mensagem>
  <mensagem value="M50">N%E3o existe impressora definida para esse documento no micro.</mensagem>
  <mensagem value="M51">Confirma a impress%E3o do documento %3F</mensagem>
  <mensagem value="M52">A impressora para emiss%E3o de [Tipo Docto] n%E3o est%E1 instalada no seu micro. Contate o administrador do sistema.</mensagem>
  <mensagem value="M53">N%E3o %E9 poss%EDvel excluir todos os hist%F3ricos.</mensagem>
  <mensagem value="M54"></mensagem>
  <mensagem value="M55">J%E1 existe um equipamento ativo com este Identificador.</mensagem>
  <mensagem value="M56">J%E1 existe um Equipamento ativo ou incompleto com esta placa.</mensagem>
  <mensagem value="M57">N%E3o %E9 poss%EDvel ativar o equipamento pois o propriet%E1rio dele est%E1 inativo.</mensagem>
  <mensagem value="M58">Data In%EDcio n%E3o pode ser maior do que a Data Atual.</mensagem>
  <mensagem value="M59">N%E3o foi poss%EDvel excluir o registro. %C9 Necess%E1rio que a c%E9lula tenha menos um coordenador.</mensagem>
  <mensagem value="M60"></mensagem>
  <mensagem value="M61">Rota j%E1 cadastrada neste contrato para esta vig%EAncia.</mensagem>
  <mensagem value="M62">Toler%E3ncia Atraso e Evento s%E3o informa%E7%F5es complementares. Informe ambas ou nenhuma.</mensagem>
  <mensagem value="M63">Tipo Produtividade e Valor M%EDnimo s%E3o informa%E7%F5es complementares. Informe ambas ou nenhuma.</mensagem>
  <mensagem value="M64">Franquia e Sobrestadia s%E3o informa%E7%F5es complementares. Informe ambas ou nenhuma.</mensagem>
  <mensagem value="M65">Franquia Carga/Descarga e Franquia Carga%2C Franquia Descarga s%E3o informa%E7%F5es mutuamente excusivas. Informe uma ou outra.</mensagem>
  <mensagem value="M66">O pedido ser%E1 N%E3o Aceito. Deseja enviar e-mail aos envolvidos%3F [Sim] [N%E3o] [Desistir]</mensagem>
  <mensagem value="M67">O N%E3o Aceite de Pedido aplica-se apenas a pedidos N%E3o Confirmados.</mensagem>
  <mensagem value="M68">Confirma cancelamento do pedido %3F</mensagem>
  <mensagem value="M69">Apenas pedidos Pendentes e N%E3o Aceitos podem ser cancelados. Se o pedido estiver em tr%E3mite%2C deve-se mudar o status do mesmo para Encerrado para liquidar o saldo.</mensagem>
  <mensagem value="M70">Data/Hora Descarga deve ser superior a Data/Hora Carga.</mensagem>
  <mensagem value="M71">Altera%E7%E3o inv%E1lida para o Status do Pedido.</mensagem>
  <mensagem value="M72">Cliente n%E3o pode ser alterado.</mensagem>
  <mensagem value="M73">Pedido registrado com sucesso %21</mensagem>
  <mensagem value="M74">Produto [produto] n%E3o est%E1 ativo.</mensagem>
  <mensagem value="M75">O Produto [produto] exige FISPQ e sua ficha ainda n%E3o foi providenciada.</mensagem>
  <mensagem value="M76">A press%E3o de projeto do equipamento [frota] %E9 incompat%EDvel com a press%E3o do produto [produto].</mensagem>
  <mensagem value="M77">Produto [produto] requer equipamento t%E9rmico.</mensagem>
  <mensagem value="M78">%E9 desej%E1vel equipamento t%E9rmico para tranportar o produto [produto].</mensagem>
  <mensagem value="M79">Equipamento n%E3o cadastrado.</mensagem>
  <mensagem value="M80">Composi%E7%E3o Inv%E1lida.</mensagem>
  <mensagem value="M81">Empresa contratante inativa.</mensagem>
  <mensagem value="M82">N%E3o foi poss%EDvel atualizar o cadastro de Condutor conforme o item atual de hist%F3rico.</mensagem>
  <mensagem value="M85">Usu%E1rio e/ou Senha incorretos</mensagem>
  <mensagem value="M86">Senhas n%E3o conferem</mensagem>
  <mensagem value="M87">Usu%E1rio Bloqueado. Efetue seu desbloqueio acessando o link "Esqueci a senha!".</mensagem>
  <mensagem value="M110">Produto [produto] requer equipamento serpentinado.</mensagem>
  <mensagem value="M111">%E9 desej%E1vel equipamento serpentinado para tranportar o produto [produto].</mensagem>
  <mensagem value="M112">Produto [produto] requer equipamento criog%EAnico.</mensagem>
  <mensagem value="M113">%E9 desej%E1vel equipamento criog%EAnico para tranportar o produto [produto].</mensagem>
  <mensagem value="M114">Produto [produto] requer equipamento com quebra ondas.</mensagem>
  <mensagem value="M115">%E9 desej%E1vel equipamento com quebra ondas para tranportar o produto [produto].</mensagem>
  <mensagem value="M116">O produto [nome produto] n%E3o pode ser transportado no tipo de equipamento selecionado.</mensagem>
  <mensagem value="M117">O produto [nome produto] est%E1 cadastrado como excess%E3o para transporte no equipamento [equipamento].</mensagem>
  <mensagem value="M118">O boogie [frota] n%E3o comporta as duas embalagens selecionadas.</mensagem>
  <mensagem value="M119">Equipamento [frota] n%E3o pertence a uma c%E9lula operacional.</mensagem>
  <mensagem value="M120">A qtde. programada excede em [999] [unid] a capacidade program%E1vel do compartimento [n] do equipamento [frota].</mensagem>
  <mensagem value="M121">N%E3o h%E1 convers%E3o para [unid] cadastrada para o produto [nome produto] %21</mensagem>
  <mensagem value="M122">Produtos [x] e [y] s%E3o incompat%EDveis e n%E3o podem ser carregados no mesmo equipamento.</mensagem>
  <mensagem value="M190">Senha expirada.</mensagem>
  <mensagem value="M191">E-mail enviado com sucesso.</mensagem>
  <mensagem value="M192">N%E3o foi poss%EDvel enviar e-mail.</mensagem>
  <mensagem value="M196">O Tipo de Confirma%E7%E3o exige o %FAltimo n%FAmero tipogr%E1fico.</mensagem>
  <mensagem value="M197">Os campos S%E9rie do Selo ou N%FAmero do %FAltimo Selo devem ser informados em conjunto.</mensagem>
  <mensagem value="M241">A Sigla digitada j%E1 existe para outra Celula. Favor informar uma sigla diferente.</mensagem>
  <mensagem value="M193">Imposs%EDvel enviar, este usu%E1rio n%E3o tem e-mail cadastrado.</mensagem>
  <mensagem value="M194">N%E3o h%E1 usu%E1rios cadastrados para receber esse e-mail. E-mail n%E3o enviado.</mensagem>
  <mensagem value="M195">As permiss%F5es de grupo, extra e alerta deste usu%E1rio foram apagadas.</mensagem>
  <mensagem value="M216">J%E1 existe inspe%E7%E3o cadastrada para estes par%E3metros. Favor verificar as propriedades para a qual a mesma %E9 valida.</mensagem>
  <mensagem value="M217">Opera%E7%E3o cancelada. Existe esta inspe%E7%E3o cadastrada para esta propriedade, porem com uma periodicidade diferente. Favor ajustar a periodicidade.</mensagem>
  <mensagem value="M220">N%E3o %E9 poss%EDvel inserir um mesmo dia da semana para uma mesma programa%E7%E3o de carga e descarga.</mensagem>
  <mensagem value="M238">Data final deve ser maior ou igual a data inicial.</mensagem>
  <mensagem value="M239">N%E3o foi poss%EDvel excluir o registro. Necess%E1rio que o equipamento tenha tido pelo menos um propriet%E1rio.</mensagem>
  <mensagem value="M242">N%E3o %E9 poss%EDvel cadastrar o mesmo produto/filial para m%E9todos diferentes. Favor verificar!</mensagem>
  <mensagem value="M261">Data inclus%E3o/exclus%E3o fora da vig%EAncia do contrato.</mensagem>
  <mensagem value="M262">N%E3o %E9 poss%EDvel excluir o produto do contrato, porque existe programa%E7%E3o associada ao mesmo.</mensagem>
  <mensagem value="M263">N%E3o %E9 poss%EDvel ativar o condutor pois o empregador dele est%E1 inativo.</mensagem>
  <mensagem value="M264">O empregador selecionado est%E1 inativo. Opera%E7%E3o cancelada.</mensagem>
  <mensagem value="M265">O propriet%E1rio selecionado est%E1 inativo. Opera%E7%E3o cancelada.</mensagem>
  <mensagem value="M266">N%E3o %E9 poss%EDvel ativar o equipamento pois est%E1 sem propriet%E1rio.</mensagem>
  <mensagem value="M268">O equipamento est%E1 sem propriet%E1rio. Necess%E1rio preencher a Data Fim de Gest%E3o do %FAltimo hist%F3rico cadastrado.</mensagem>
  <mensagem value="M269">O condutor est%E1 demitido. Necess%E1rio preencher a Data Fim de Gest%E3o do %FAltimo hist%F3rico cadastrado.</mensagem>
  <mensagem value="M270">N%E3o foi poss%EDvel excluir o registro. Necess%E1rio que o condutor tenha tido pelo menos um empregador.</mensagem>
  <mensagem value="M271">N%E3o %E9 poss%EDvel ativar o condutor pois est%E1 sem empregador.</mensagem>
  <mensagem value="M272">Usu%E1rio n%E3o possui acesso externo. Verifique com o suporte.</mensagem>
  <mensagem value="M273">Qtde digitada %E9 maior que saldo da DA.</mensagem>
  <mensagem value="M452">Planilha com quantidade de colunas inv%E1lida%21</mensagem>
  <mensagem value="M453">Campos em ordem incorreta. A ordem correta %E9: N%CDVEL, VOLUME e INTERPOLA%C7%C3O%21</mensagem>
  <mensagem value="M454">Campo [campo] com quantidade de caracteres inferior a 1 d%EDgito%21 Verificar arquivo de importa%E7%E3o e tentar novamente. Linha [linha].</mensagem>
  <mensagem value="M455">Campo [campo] com quantidade de caracteres superior a [qtddigitos] d%EDgitos%21 Verificar arquivo de importa%E7%E3o e tentar novamente. Linha [linha].</mensagem>
  <mensagem value="M456">Campo [campo] possui caracteres inv%E1lidos%21 Este campo deve possuir apenas caracteres num%E9ricos. Linha [linha].</mensagem>
  <mensagem value="M457">Campo INTERPOLA%C7%C3O possui caracteres inv%E1lidos%21 Este campo deve possuir apenas as palavras TABELA ou DIRETA. Linha [linha].</mensagem>
  <mensagem value="M500">Outro usu%E1rio acabou de pegar a %FAltima vaga do hor%E1rio escolhido. Favor escolher outra janela.</mensagem>
  <mensagem value="M501">Registro alterado por outra opera%E7%E3o</mensagem>
  <mensagem value="M900">Data inicial deve ser menor ou igual a data atual.</mensagem>
  <mensagem value="M901">Data final deve ser menor ou igual a data atual.</mensagem>
  <mensagem value="M902">Quantidade contratada: [QtdeContrato]</mensagem>
  <mensagem value="M903">Quantidade j%E1 movimentada no contrato at%E9 o presente: [QtdeMov]</mensagem>
  <mensagem value="M910">Usu%E1rio e/ou CPF inv%E1lido</mensagem>
  <mensagem value="M911">Usu%E1rio inativo, favor abrir chamado para reativa%E7%E3o.</mensagem>
  <mensagem value="M912">Usu%E1rio inativo, favor entrar em contato com seu gestor na Ultracargo para nova libera%E7%E3o.</mensagem>
  <mensagem value="M913">Usu%E1rio desbloqueado.</mensagem>
  <mensagem value="A001">Imposs%EDvel criar n%EDvel. Tabela de Arquea%E7%E3o completa. </mensagem>
  <mensagem value="A002">O Maior n%EDvel deve estar entre o n%EDvel %DAtil e a altura de refer%EAncia. </mensagem>
  <mensagem value="A003">O Volume deve ser menor que o volume do n%EDvel anterior. </mensagem>
  <mensagem value="A004">O Volume deve ser maior que o volume do n%EDvel Anterior. </mensagem>
  <mensagem value="A005">O Volume excede a capacidade volum%E9trica do tanque. </mensagem>
  <mensagem value="A006">Produto incompat%EDvel com o revestimento do tanque. </mensagem>
  <mensagem value="A007">Existe%28m%29 produto%28s%29 com caracteristicas semelhante. Confirma a opera%E7%E3o %3F</mensagem>
  <mensagem value="A008">C%F3d. MAPT n%E3o preenchido. O produto n%E3o estar%E1 dispon%EDvel para programa%E7%E3o. </mensagem>
  <mensagem value="A009">N%E3o %E9 permitido alterar ou excluir um pedido j%E1 programado. </mensagem>
  <mensagem value="A010">N%E3o %E9 permitido alterar ou excluir uma programa%E7%E3o j%E1 confirmada. </mensagem>
  <mensagem value="A011">A altura da c%E3mara de espuma n%E3o pode ser maior que a altura de refer%EAncia. </mensagem>
  <mensagem value="A012">O n%EDvel %DAtil n%E3o pode ser maior que a altura da c%E3mara de espuma. </mensagem>
  <mensagem value="A013">O alarme de n%EDvel muito alto deve ser maior que zero e menor que a altura da c%E3mara de espuma. </mensagem>
  <mensagem value="A014">O alarme de n%EDvel alto deve ser maior que zero e menor que altura da c%E3mara de espuma. </mensagem>
  <mensagem value="A015">O alarme de n%EDvel alto deve ser maior que zero e menor alarme de n%EDvel muito alto. </mensagem>
  <mensagem value="A016">O alarme de n%EDvel baixo deve ser maior que zero e menor ao alarme de n%EDvel alto. </mensagem>
  <mensagem value="A017">O alarme de n%EDvel muito baixo deve ser maior que zero e menor que o alarme de n%EDvel baixo. </mensagem>
  <mensagem value="A018">Status inv%E1lido para essa fase do Item do Pedido. </mensagem>
  <mensagem value="A019">Data do Item n%E3o pode ser menor que o dia de hoje. </mensagem>
  <mensagem value="A020">Produto %E9 obrigat%F3rio para esse tipo de servi%E7o. </mensagem>
  <mensagem value="A021">Produto n%E3o deve ser informado para esse tipo de servi%E7o. </mensagem>
  <mensagem value="A022">Produto n%E3o faz parte do contrato vigente com o cliente. </mensagem>
  <mensagem value="A023">Texto Complementar %E9 obrigat%F3rio para esse Tipo de Servi%E7o. </mensagem>
  <mensagem value="A024">Destino do Servi%E7o inv%E1lido para o Tipo de Servi%E7o. </mensagem>
  <mensagem value="A025">Tipo de Destino inv%E1lido para o Destino do Servi%E7o. </mensagem>
  <mensagem value="A026">Dep%F3sito n%E3o faz parte do Contrato vigente com o Cliente. </mensagem>
  <mensagem value="A027">Equipamento inv%E1lido %28linha de pier ou mangote%29. </mensagem>
  <mensagem value="A028">Data de Programa%E7%E3o n%E3o pode ser menor que a data de hoje. </mensagem>
  <mensagem value="A029">Status inv%E1lido para essa fase do item de programa%E7%E3o. </mensagem>
  <mensagem value="A030">Servi%E7o inv%E1lido para esse tipo de programa%E7%E3o. </mensagem>
  <mensagem value="A031">Contrato fora da vig%EAncia ou com vig%EAncia a vencer at%E9 a data da Programa%E7%E3o. Continua %3F</mensagem>
  <mensagem value="A032">Produto n%E3o faz parte do Contrato vigente com o Cliente.  Continua %3F</mensagem>
  <mensagem value="A033">Dep%F3sito n%E3o faz parte do Contrato vigente com o Cliente. Continua %3F</mensagem>
  <mensagem value="A034">Produto incompat%EDvel com o revestimento do tanque. Continua %3F</mensagem>
  <mensagem value="A035">O Dep%F3sito contratado est%E1 fora da vig%EAncia ou com vig%EAncia a vencer at%E9 a data da Programa%E7%E3o. Continua %3F</mensagem>
  <mensagem value="A036">O Dep%F3sito est%E1 contratado por outro cliente. Continua %3F</mensagem>
  <mensagem value="A037">O Tipo do Item n%E3o %E9 compat%EDvel com o Tipo a Programar. </mensagem>
  <mensagem value="A038">Esse Tipo de Programa%E7%E3o n%E3o pode ter Identifica%E7%E3o. </mensagem>
  <mensagem value="A039">Origem de Movimento inv%E1lida para Tipo de Opera%E7%E3o. </mensagem>
  <mensagem value="A040">Tipo de origem inv%E1lido para Origem de movimento. </mensagem>
  <mensagem value="A041">Embalagem inv%E1lida para o Produto. </mensagem>
  <mensagem value="A042">Destino de Movimento inv%E1lido para o Tipo de Opera%E7%E3o. </mensagem>
  <mensagem value="A043">Tipo de Destino inv%E1lido para Destino de Movimento. </mensagem>
  <mensagem value="A044">N%E3o %E9 permitido alterar a Data de chegada%2C Placas dos ve%EDculos ou Identifica%E7%E3o do condutor </mensagem>
  <mensagem value="A045">N%E3o %E9 permitido excluir registro de Chegada de Ve%EDculo com Fase Atual diferente de Check-in </mensagem>
  <mensagem value="A046">Fase Atual inv%E1lida para inclus%E3o de registro de Chegada de Ve%EDculo </mensagem>
  <mensagem value="A047">Fase Atual inv%E1lida para essa fase de registro de Chegada de Ve%EDculo </mensagem>
  <mensagem value="A048">Data de Chegada %E9 obrigat%F3ria </mensagem>
  <mensagem value="A049">Data de Chegada n%E3o pode ser maior que a data atual </mensagem>
  <mensagem value="A050">Cliente %E9 obrigat%F3rio </mensagem>
  <mensagem value="A051">Tipo de Check-in %E9 obrigat%F3rio </mensagem>
  <mensagem value="A052">Tipo de Movimenta%E7%E3o %E9 obrigat%F3rio </mensagem>
  <mensagem value="A053">Placa do Cavalo %E9 obrigat%F3ria </mensagem>
  <mensagem value="A054">Cavalo/Truck sem CIPP.</mensagem>
  <mensagem value="A055">Cavalo/Truck com CIPP vencido.</mensagem>
  <mensagem value="A056">SRT1 sem CIPP.</mensagem>
  <mensagem value="A057">SRT1 com CIPP vencido.</mensagem>
  <mensagem value="A058">SRT2 sem CIPP.</mensagem>
  <mensagem value="A059">SRT2 com CIPP vencido.</mensagem>
  <mensagem value="A060">Transportador %E9 obrigat%F3rio </mensagem>
  <mensagem value="A061">Condutor %E9 obrigat%F3rio </mensagem>
  <mensagem value="A062">Condutor n%E3o possui permiss%E3o de acesso aos terminais </mensagem>
  <mensagem value="A063">Data de validade do CNH vencida </mensagem>
  <mensagem value="A064">Data de validade do A.S.O. vencida </mensagem>
  <mensagem value="A065">N%E3o existe Programa%E7%E3o de Atividades para o cliente nessa data </mensagem>
  <mensagem value="A066">Ve%EDculo [placa] j%E1 dentro do terminal%2C e sem registro de sa%EDda </mensagem>
  <mensagem value="A067">Produto ou Container%3A pelo menos um deles deve se programado </mensagem>
  <mensagem value="A068">A transfer%EAncia s%F3 pode ser entre Dep%F3sitos </mensagem>
  <mensagem value="A069">Programa%E7%E3o incompat%EDvel entre Origem e Destino </mensagem>
  <mensagem value="A070">A Identifica%E7%E3o n%E3o pode ser informada </mensagem>
  <mensagem value="A071">O Dep%F3sito cont%E9m outro produto. Confirma%3F </mensagem>
  <mensagem value="A072">N%E3o %E9 necess%E1rio informar o Tipo de Estoque </mensagem>
  <mensagem value="A073">N%E3o %E9 poss%EDvel controlar simultaneidade nesse tipo de opera%E7%E3o. </mensagem>
  <mensagem value="A074">N%E3o %E9 poss%EDvel controlar batelada nesse tipo de opera%E7%E3o. </mensagem>
  <mensagem value="A075">N%E3o pode informar o transportador para esse tipo de opera%E7%E3o. </mensagem>
  <mensagem value="A076">Os campos Quantidade de Carretas e Destinat%E1rio devem ser informados conjuntamente. </mensagem>
  <mensagem value="A077">N%E3o pode informar o Pais para esse tipo de opera%E7%E3o. </mensagem>
  <mensagem value="A078">N%E3o pode informar o Lote para esse tipo de opera%E7%E3o. </mensagem>
  <mensagem value="A079">N%E3o existe esse Lote para o Cliente / Dep%F3sito / Produto especificado. </mensagem>
  <mensagem value="A080">N%E3o pode informar o Container para esse tipo de opera%E7%E3o. </mensagem>
  <mensagem value="A081">N%E3o pode informar o Remetente para esse tipo de opera%E7%E3o. </mensagem>
  <mensagem value="A082">Confirmar programa%E7%E3o de Outras Descargas %3F </mensagem>
  <mensagem value="A083">N%E3o pode informar o Destinat%E1rio para esse tipo de opera%E7%E3o. </mensagem>
  <mensagem value="A084">Favor informar o Destinat%E1rio da carga. </mensagem>
  <mensagem value="A085">Confirmar programa%E7%E3o de Carga para Terceiros %3F </mensagem>
  <mensagem value="A086">N%E3o pode informar o Local de Descarga para esse tipo de opera%E7%E3o. </mensagem>
  <mensagem value="A087">N%E3o existe o valor da Concentra%E7%E3o do Produto no Dep%F3sito. Confirma%3F </mensagem>
  <mensagem value="A088">A Quantidade Programada %E9 maior que o saldo ([Saldo]) Cont%E1bil existente no dep%F3sito. Confirma%3F </mensagem>
  <mensagem value="A089">Saldo Fiscal Dispon%EDvel para [Saldo]. Confirma%3F </mensagem>
  <mensagem value="A090">A Quantidade Programada excede a capacidade do dep%F3sito. Confirma%3F </mensagem>
  <mensagem value="A091">Espa%E7o dispon%EDvel para [Dispon%EDvel]. Confirma%3F </mensagem>
  <mensagem value="A092">Confirma o direcionamento do item para esse modal%3F </mensagem>
  <mensagem value="A093">Confirma o cancelamento do direcionamento do item para esse modal%3F </mensagem>
  <mensagem value="A094">N%E3o %E9 permitido cancelar um direcionamento nessa fase em que o mesmo se encontra </mensagem>
  <mensagem value="A095">Tipo e N%FAmero de documento s%E3o obrigat%F3rios nas opera%E7%F5es de carga pelo transportador Transultra </mensagem>
  <mensagem value="A096">N%FAmero do Kit %E9 obrigat%F3rio para ve%EDculos pr%F3prios </mensagem>
  <mensagem value="A097">Tanque est%E1 bloqueado. Desde [data_hora]. Motivo: [motivo].</mensagem>
  <mensagem value="A098">Tanque est%E1 suspenso. Desde [data_hora]. Motivo: [motivo]. Opera%E7%E3o simult%E2nea liberada. Continua%3F </mensagem>
  <mensagem value="A099">Tanque est%E1 suspenso. Desde [data_hora]. Motivo: [motivo].</mensagem>
  <mensagem value="A100">Tanque n%E3o possui Medi%E7%E3o Inicial informada </mensagem>
  <mensagem value="A101">Tanque j%E1 possui Medi%E7%E3o Final informada </mensagem>
  <mensagem value="A102">Diferen%E7a entre Qtd. Programada e Qtd. Atendida %E9 menor que 30.000 Kg. Continua%3F </mensagem>
  <mensagem value="A103">N%FAmero da NF%2C Valor e Quantidade s%E3o obrigat%F3rios para descarga a granel </mensagem>
  <mensagem value="A104">Peso L%EDquido do Cliente n%E3o confere com quantidades informadas. Continua%3F </mensagem>
  <mensagem value="A105">Peso Bruto do Cliente %E9 obrigat%F3rio </mensagem>
  <mensagem value="A106">Peso L%EDquido do Cliente %E9 obrigat%F3rio </mensagem>
  <mensagem value="A107">N%E3o h%E1 Concentra%E7%E3o informada no Tanque. Continua%3F </mensagem>
  <mensagem value="A108">N%E3o h%E1 Concentra%E7%E3o informada no Tanque. </mensagem>
  <mensagem value="A109">Volume, Densidade e Temperatura s%E3o obrigat%F3rios para movimenta%E7%F5es de carga.</mensagem>
  <mensagem value="A110">O CIPP do Truck n%E3o especifica esse produto.</mensagem>
  <mensagem value="A111">Soma dos volumes operados %E9 maior que a capacidade dos compartimentos do ve%EDculo. Continua%3F </mensagem>
  <mensagem value="A112">O saldo dispon%EDvel do cliente %E9 menor que a quantidada a ser carregada. Continua%3F </mensagem>
  <mensagem value="A113">Volume%2C Densidade%2C Temperatura e Fator de Corre%E7%E3o s%E3o obrigat%F3rios para movimenta%E7%F5es de descarga </mensagem>
  <mensagem value="A114">O saldo dispon%EDvel do cliente %E9 menor que a capacidade do ve%EDculo. Continua%3F </mensagem>
  <mensagem value="A115">N%E3o existe Certificado de Inspe%E7%E3o de Produtos Perigosos para o SRT1 </mensagem>
  <mensagem value="A116">N%E3o existe Certificado de Inspe%E7%E3o de Produtos Perigosos para o SRT2 </mensagem>
  <mensagem value="A117">Fator de corre%E7%E3o %E9 obrigat%F3rio para opera%E7%F5es de carga </mensagem>
  <mensagem value="A118">N%FAmero do documento de viagem inv%E1lido </mensagem>
  <mensagem value="A119">Transportador e destinat%E1rio devem ser iguais aos do check-in</mensagem>
  <mensagem value="A120">Quantidade de carretas prevista na programa%E7%E3o j%E1 foi atingida </mensagem>
  <mensagem value="A121">N%FAmero e Valor da NF do cliente s%E3o obrigat%F3rios em opera%E7%F5es de descarga de terceiros </mensagem>
  <mensagem value="A122">N%FAmero de NF j%E1 informado para o cliente indicado</mensagem>
  <mensagem value="A123">N%E3o existe registro correspondente de chegada do vag%E3o </mensagem>
  <mensagem value="A124">Data de Medi%E7%E3o %E9 obrigat%F3ria na informa%E7%E3o da medi%E7%E3o </mensagem>
  <mensagem value="A125">Data de Medi%E7%E3o n%E3o pode ser maior que Data/Hora atual </mensagem>
  <mensagem value="A126">Produto n%E3o %E9 do tipo combust%EDvel </mensagem>
  <mensagem value="A127">Fator de Corre%E7%E3o %E9 obrigat%F3rio </mensagem>
  <mensagem value="A128">Fator de Corre%E7%E3o n%E3o deve ser informado%2C porque j%E1 existe na tabela </mensagem>
  <mensagem value="A129">N%E3o existe Tabela de Arquea%E7%E3o e/ou N%EDvel para o vag%E3o informado </mensagem>
  <mensagem value="A130">Confirma a pesagem %3F </mensagem>
  <mensagem value="A131">Confirma o cancelamento da pesagem %3F  </mensagem>
  <mensagem value="A132">Confirma o cancelamento da FAC%3F </mensagem>
  <mensagem value="A133">A FAC [NUMERO] foi cancelada. Favor inutiliza-la. </mensagem>
  <mensagem value="A134">A Data/Hora da Pesagem Inicial n%E3o pode ser menor que a Data de Chegada. </mensagem>
  <mensagem value="A135">O Peso da Balan%E7a %E9 [SINAL] em [VALOR] que o Peso da Balan%E7a do Cliente. Confirma os dados %3F </mensagem>
  <mensagem value="A136">O Volume obtido %E9 [SINAL] em [VALOR] que o Volume na Nota do Cliente. Confirma os dados %3F </mensagem>
  <mensagem value="A137">Medi%E7%E3o sem os dados de temperatura. </mensagem>
  <mensagem value="A138">A carga est%E1 abaixo da capacidade nominal da carreta em [Valor]. Confirma os dados %3F </mensagem>
  <mensagem value="A139">N%E3o h%E1 FAC para ser impressa. </mensagem>
  <mensagem value="A140">Essa Localiza%E7%E3o j%E1 est%E1 ocupada.</mensagem>
  <mensagem value="A141">A Data/Hora da Check-Out n%E3o pode ser menor que a Data de Chegada. </mensagem>
  <mensagem value="A142">Dados da NF devem ser todos informados%2C ou nenhum deles </mensagem>
  <mensagem value="A143">A altera%E7%E3o do ber%E7o implicar%E1 em desprezar as linhas indicadas nas medi%E7%F5es de TODOS os tanque. Confirma%3F </mensagem>
  <mensagem value="A144">A Data/hora de Chegada ao Porto n%E3o pode ser menor que a Data/Hora Chegada na Barra. </mensagem>
  <mensagem value="A145">A Data/hora de Coloca%E7%E3o da Escada n%E3o pode ser menor que a Data/hora de Chegada ao Porto. </mensagem>
  <mensagem value="A146">O Livro de medi%E7%E3o j%E1 foi efetivado%2C essa informa%E7%E3o n%E3o pode ser alterada.</mensagem>
  <mensagem value="A147">Volume Ambiente n%E3o deve ser informado%2C porque j%E1 existe na tabela de arquea%E7%E3o.</mensagem>
  <mensagem value="A148">Linha de Vag%E3o %E9 obrigat%F3ria.</mensagem>
  <mensagem value="A149">Dt/Hr. de Pronto a Operar n%E3o pode ser menor que Dt/Hr. de Chegada%2C nem maior que dt/hr. atual.</mensagem>
  <mensagem value="A150">Dt/Hr. de In%EDcio de Bombeamento n%E3o pode ser menor que Dt/Hr. de Pronto a Operar%2C nem maior que dt/hr. atual.</mensagem>
  <mensagem value="A151">Dt/Hr. de Parada Primeiro P%E9 n%E3o pode ser menor que Dt/Hr. de In%EDcio Opera%E7%E3o%2C nem maior que dt/hr. atual.</mensagem>
  <mensagem value="A152">Dt/Hr. de Amostra Primeiro P%E9 n%E3o pode ser menor que Dt/Hr. de Parada Primeiro P%E9%2C nem maior que dt/hr. atual.</mensagem>
  <mensagem value="A153">Dt/Hr. de Libera%E7%E3o Primeiro P%E9 n%E3o pode ser menor que Dt/Hr. de Amostra Primeiro P%E9%2C nem maior que dt/hr. atual.</mensagem>
  <mensagem value="A154">Dt/Hr. de Rein%EDcio Opera%E7%E3o n%E3o pode ser menor que Dt/Hr. de Libera%E7%E3o Primeiro P%E9%2C nem maior que dt/hr. atual.</mensagem>
  <mensagem value="A155">Dt/Hr. Final de Bombeamento n%E3o pode ser menor que Dt/Hr. de Rein%EDcio Bombeamento nem maior que dt/hr. atual.</mensagem>
  <mensagem value="A156">Dt/Hr. de Amostragem Final n%E3o pode ser menor que Dt/Hr. de T%E9rmino Opera%E7%E3o%2C nem maior que dt/hr. atual.</mensagem>
  <mensagem value="A157">Dt/Hr. de Chegada da Receita Federal  n%E3o pode maior que Dt/Hr. atual.</mensagem>
  <mensagem value="A158">Dt/Hr. de Chegada da Firma Inspetora n%E3o pode maior que Dt/Hr. atual.</mensagem>
  <mensagem value="A159">Dt/Hr. de Libera%E7%E3o dos Tanques de Terra n%E3o pode ser maior que Dt/Hr. atual.</mensagem>
  <mensagem value="A160">Dt/Hr. de Libera%E7%E3o dos Tanques de Bordo n%E3o pode ser menor que Dt/Hr de Navio Atracado nem maior que Dt/Hr. atual.</mensagem>
  <mensagem value="A161">Dt/Hr. de Inicio da Purga n%E3o pode ser maior que Dt/Hr. atual.</mensagem>
  <mensagem value="A162">Dt/Hr. Final da Purga n%E3o pode ser menor que Dt/Hr de In%EDco da Purga%2C nem maior que Dt/Hr. atual.</mensagem>
  <mensagem value="A163">Dt/Hr. de In%EDcio de Gasin-Up n%E3o pode ser maior que Dt/Hr. atual.</mensagem>
  <mensagem value="A164">Dt/Hr. Final de Gasin-Up n%E3o pode ser menor que Dt/Hr de In%EDcio de GasinUp%2C nem maior que Dt/Hr. atual.</mensagem>
  <mensagem value="A165">Dt/Hr. de Navio Pronto a Operar n%E3o pode ser menor que Dt/Hr da Libera%E7%E3o dos tanques de Bordo%2C nem maior que Dt/Hr. atual.</mensagem>
  <mensagem value="A166">Dt/Hr. de Mangotes Conectados n%E3o pode ser menor que Dt/Hr do Pronto a Operar%2C nem maior que Dt/Hr. atual.</mensagem>
  <mensagem value="A167">Dt/Hr. de Libera%E7%E3o da Linhas de Terra n%E3o pode ser menor que Dt/Hr de Amostragem das Linhas de Terra nem maior que Dt/Hr. atual.</mensagem>
  <mensagem value="A168">Dt/Hr. de In%EDcio de Bombeamento do Primeiro P%E9 n%E3o pode ser menor que Dt/Hr do Terminal Pronto a Operar e nem maior que Dt/Hr. atual.</mensagem>
  <mensagem value="A169">Dt/Hr. de In%EDcio de Bombeamento n%E3o pode ser menor que Dt/Hr do terminal Pronto a Operar e nem maior que Dt/Hr. atual.</mensagem>
  <mensagem value="A170">Dt/Hr. Final de Bombeamento n%E3o pode ser menor ou igual a Dt/Hr de In%EDcio de Bombeamento e nem maior que Dt/Hr. atual.</mensagem>
  <mensagem value="A171">Dt/Hr. da Amostragem das Linhas de Bordo n%E3o pode ser menor que Dt/Hr. Final de Enchimento das Linhas de Bordo e nem maior que dt/hr. atual.</mensagem>
  <mensagem value="A172">Dt/Hr. de Libera%E7%E3o das Linhas de Bordo n%E3o pode ser menor que Dt/Hr de Amostragem das Linhas de Bordo e nem maior que Dt/Hr. atual.</mensagem>
  <mensagem value="A173">Dt/Hr. de Libera%E7%E3o do Primeiro P%E9 de Bordo n%E3o pode ser menor que Dt/Hr. de Libera%E7%E3o das Linhas de Bordo e nem maior que Dt/Hr. atual.</mensagem>
  <mensagem value="A174">Dt/Hr. de In%EDcio dce Enchimento das Linhas de Terra n%E3o pode ser maior que dt/hr. atual.</mensagem>
  <mensagem value="A175">Dt/Hr. Final de Enchimento das Linhas de Terra n%E3o pode ser menor que Dt/Hr. de In%EDcio de Enchimento das Linhas de Terra e nem maior que dt/hr. atual.</mensagem>
  <mensagem value="A176">Dt/Hr. da Amostragem das Linhas de Terra n%E3o pode ser menor que Dt/Hr. Final de Enchimento das Linhas de Terra e nem maior que dt/hr. atual.</mensagem>
  <mensagem value="A177">Dt/Hr. de In%EDcio de Sopragem das Linhas n%E3o pode ser menor que Dt/Hr. Final de Bombeamento nem maior que Dt/Hr. atual.</mensagem>
  <mensagem value="A178">Dt/Hr. Final da Sopragem das Linhas n%E3o pode ser menor que Dt/Hr. de In%EDcio da Sopragem das Linhas e nem maior que Dt/Hr. atual.</mensagem>
  <mensagem value="A179">Dt/Hr. de Desconex%E3o dos Mangotes n%E3o pode ser menor que Dt/Hr. Final da Sopragem das Linhas e nem maior que Dt/Hr. atual.</mensagem>
  <mensagem value="A180">Nas opera%E7%F5es de Descarga a Dt/Hr. de In%EDcio dce Enchimento das Linhas de Terra n%E3o pode ser menor que Dt/hr. do terminal Pronto a Operar.</mensagem>
  <mensagem value="A181">Dt/Hr. de In%EDcio de Blanketing n%E3o pode ser maior que Dt/Hr. atual.</mensagem>
  <mensagem value="A182">Dt/Hr. Final de Blanketing n%E3o pode ser menor que Dt/Hr. de In%EDcio do Blanketing e nem maior que Dt/Hr. atual.</mensagem>
  <mensagem value="A183">A inclus%E3o de uma linha afeta os c%E1lculos das Medi%E7%F5es de Tanque. Caso continue ser%E1 necess%E1rio refazer os calculos. Continua %3F </mensagem>
  <mensagem value="A184">Esse item n%E3o pode ser editado por se tratar de um item de medi%E7%E3o.</mensagem>
  <mensagem value="A185">A Quantidade de Produto em Tambores de Tera deve ser informada.</mensagem>
  <mensagem value="A186">A Quantidade de Produto em Tambores de Bordo deve ser informada.</mensagem>
  <mensagem value="A187">A Quantidade de Produto movimentada deve ser informada.</mensagem>
  <mensagem value="A188">N%E3o existe estoque [tipoestoque] do Cliente/Produto/Lote. Confirma %3F</mensagem>
  <mensagem value="A189">A Quantidade informada %E9 maior que a programada do dep%F3sito [deposito]. Confirma %3F </mensagem>
  <mensagem value="A190">A Quantidade informada %E9 menor que a programada do dep%F3sito [deposito]. Confirma %3F </mensagem>
  <mensagem value="A191">A Quantidade informada %E9 menor do que o espa%E7o dispon%EDvel. Confirma %3F </mensagem>
  <mensagem value="A192">As informa%E7%F5es complementares s%E3o obrigat%F3rias %28Chegada Modal%2C Programa%E7%E3o e Livro Tanque%29%2C a depender do Tipo de Movimenta%E7%E3o </mensagem>
  <mensagem value="A193">N%E3o %E9 permitido atualizar movimenta%E7%E3o de estoque%2C porque o per%EDodo ao qual se refere j%E1 est%E1 encerrado </mensagem>
  <mensagem value="A194">N%E3o foi poss%EDvel atualizar movimenta%E7%E3o de estoque%2C porque n%E3o existe saldo inicial para o per%EDodo ao qual se refere </mensagem>
  <mensagem value="A195">N%E3o foi poss%EDvel atualizar movimenta%E7%E3o de estoque%2C porque n%E3o foi localizado o saldo inicial para o per%EDodo ao qual se refere </mensagem>
  <mensagem value="A196">N%E3o foi informada a quantidade do tanque.</mensagem>
  <mensagem value="A197">Tanque Origem sem medi%E7%E3o final. </mensagem>
  <mensagem value="A198">Tanque Destino sem medi%E7%E3o final. </mensagem>
  <mensagem value="A199">O Tipo de Avaria e a Quantidade Avariada devem ser informados em conjunto. </mensagem>
  <mensagem value="A200">N%E3o est%E3o definidos N%FAmero de Filas e o N%FAmero de Posi%E7%F5es da Quadra. </mensagem>
  <mensagem value="A201">Empilhamento acima do permitido para Produto x Embalagem. </mensagem>
  <mensagem value="A202">A Quantidade Atendida %E9 maior que o saldo do dep%F3sito [deposito]. Confirma%3F </mensagem>
  <mensagem value="A203">A Quantidade Atendida excede a capacidade do dep%F3sito [deposito]. Confirma%3F </mensagem>
  <mensagem value="A204">O N%FAmero da PA/item deve ser informado. </mensagem>
  <mensagem value="A205">N%FAmero de PA inv%E1lido. </mensagem>
  <mensagem value="A206">Opera%E7%E3o incompat%EDvel com o Status da PA. </mensagem>
  <mensagem value="A207">O tanque n%E3o faz parte dessa Programa%E7%E3o. </mensagem>
  <mensagem value="A208">J%E1 existe uma medi%E7%E3o para esse Tanque nessa Porgrama%E7%E3o. </mensagem>
  <mensagem value="A209">A ultima medi%E7%E3o desse tipo n%E3o foi efetivada. </mensagem>
  <mensagem value="A210">Opera%E7%E3o invalida para Tanque Virtual. </mensagem>
  <mensagem value="A211">Tanque com a data de validade do Certificado de Arquea%E7%E3o vencida. </mensagem>
  <mensagem value="A212">Tanque programado para movimenta%E7%E3o simult%EAnea ou manifestado bordo n%E3o registram medi%E7%E3o. </mensagem>
  <mensagem value="A213">Programa%E7%E3o indicada como Manifestada Modal n%E3o exige medi%E7%E3o dos tanques. </mensagem>
  <mensagem value="A214">Tabela de Arquea%E7%E3o do tanque est%E1 inativa. </mensagem>
  <mensagem value="A215">Quantidade informada maior que o estocado no deopsito. </mensagem>
  <mensagem value="A216">Quantidade informada excede a capacidade do dep%F3sito. </mensagem>
  <mensagem value="A217">Programa%E7%E3o Rodoviaria se n%E3o for Batelada n%E3o exige medi%E7%E3o dos tanques. </mensagem>
  <mensagem value="A218">O campo Engenheiro da Receita deve ser informado por se tratar de uma opera%E7%E3o de longo curso. </mensagem>
  <mensagem value="A219">Data/Hora inicial n%E3o pode ser maior que a data/hora final</mensagem>
  <mensagem value="A220">N%EDvel acima do maior n%EDvel da tabela. Confirma %3F </mensagem>
  <mensagem value="A221">N%EDvel acima do N%EDvel M%E1ximo de Seguran%E7a. Confirma %3F </mensagem>
  <mensagem value="A222">N%EDvel acima do N%EDvel %DCtil. Confirma %3F </mensagem>
  <mensagem value="A223">Tanque vazio %3F </mensagem>
  <mensagem value="A224">O volume excede a capacidade volum%E9trica do Tanque%3F. </mensagem>
  <mensagem value="A225">N%EDvel de %C1gua deve ser menor que o N%EDvel de Produto. </mensagem>
  <mensagem value="A226">A Temperatura do Topo deve ser informada. </mensagem>
  <mensagem value="A227">As Temperaturas do Topo e do Fundo devem ser informadas. </mensagem>
  <mensagem value="A228">As Temperaturas do Topo%2C Meio e Fundo devem ser informadas. </mensagem>
  <mensagem value="A229">A Densidade deve ser informada. </mensagem>
  <mensagem value="A230">Quando se especifica Outros Volumes a quantidade relacionada deve ser informada. </mensagem>
  <mensagem value="A231">Dados do Vendedor%2C Produto%2C Dep%F3sito e Data s%E3o obrigat%F3rios na transfer%EAncia de propriedade. </mensagem>
  <mensagem value="A232">Produto n%E3o faz parte do contrato vigente com o cliente. Continua%3F</mensagem>
  <mensagem value="A233">Tanque n%E3o faz parte do contrato vigente com o cliente. Continua%3F </mensagem>
  <mensagem value="A234">Tanque n%E3o pertence ao cliente. Continua%3F </mensagem>
  <mensagem value="A235">Tanque n%E3o est%E1 em opera%E7%E3o. Continua%3F </mensagem>
  <mensagem value="A236">Dados do Comprador%2C Nota e Quantidade s%E3o obrigat%F3rios na transfer%EAncia de propriedade. </mensagem>
  <mensagem value="A237">N%E3o %E9 poss%EDvel alterar uma transfer%EAncia j%E1 executada. </mensagem>
  <mensagem value="A238">Confirma inclus%E3o da transfer%EAncia de propriedade %3F </mensagem>
  <mensagem value="A239">O N%EDvel Inicial deve ser maior que o N%EDvel Final nesse tipo de opera%E7%E3o. </mensagem>
  <mensagem value="A240">O N%EDvel Inicial deve ser menor que o N%EDvel Final nesse tipo de opera%E7%E3o. </mensagem>
  <mensagem value="A241">Os campos Quantidade Tambores de Terra e Volume de Produto em Tambores de Terra s%E3o mutuamente dependentes. Se um for informado o outro tambem deve ser informado. </mensagem>
  <mensagem value="A242">Os campos Quantidade Tambores de Bordo e Volume de Produto em Tambores de Bordo s%E3o mutuamente dependentes. Se um for informado o outro tambem deve ser informado. </mensagem>
  <mensagem value="A243">Os campos Descri%E7%E3o Outras Quantidades e Outras Quantidaeds s%E3o mutuamente dependentes. Se um for informado o outro tambem deve ser informado. </mensagem>
  <mensagem value="A244">Os campos Descri%E7%E3o Outras Quantidades e Outras Quantidaeds s%E3o mutuamente dependentes. Se um for informado o outro tambem deve ser informado. </mensagem>
  <mensagem value="A245">O N%EDvel Final deve ser menor que o N%EDvel Inicial nesse tipo de opera%E7%E3o. </mensagem>
  <mensagem value="A246">O N%EDvel Final deve ser maior que o N%EDvel Inicial nesse tipo de opera%E7%E3o. </mensagem>
  <mensagem value="A247">Tanque Suspenso. Confirma libera%E7%E3o do tanque %3F </mensagem>
  <mensagem value="A248">Tanque Bloqueado. Confirma libera%E7%E3o do tanque %3F </mensagem>
  <mensagem value="A249">A medi%E7%E3o n%E3o pode ser efetivada. A diferen%E7a apurada ainda n%E3o foi calculada. </mensagem>
  <mensagem value="A250">A Placa Cavalo/Truck n%E3o existe. </mensagem>
  <mensagem value="A251">A Placa Cavalo/Truck informada n%E3o %E9 de Cavalo e nem de Truck. </mensagem>
  <mensagem value="A252">A Placa SRT n%E3o existe. </mensagem>
  <mensagem value="A253">A Placa SRT informada n%E3o %E9 de uma SRT. </mensagem>
  <mensagem value="A254">O Produto informado n%E3o %E9 diferente do Produto registrado no documento da Transultra. </mensagem>
  <mensagem value="A255">O Documento da Transultra informado n%E3o se destina %E0 esse Terminal. </mensagem>
  <mensagem value="A256">N%E3o %E9 permitido alterar uma NF j%E1 Impressa e/ou Cancelada </mensagem>
  <mensagem value="A257">A Raz%E3o Social do destinat%E1rio %E9 obrigat%F3ria </mensagem>
  <mensagem value="A258">O CPF ou CNPJ %E9 obrigat%F3rio </mensagem>
  <mensagem value="A259">O Tipo de Opera%E7%E3o %E9 obrigat%F3rio </mensagem>
  <mensagem value="A260">A Data de Emiss%E3o da NF %E9 obrigat%F3ria </mensagem>
  <mensagem value="A261">O Valor Total dos itens %E9 obrigat%F3rio </mensagem>
  <mensagem value="A262">O Valor da Nota %E9 obrigat%F3rio </mensagem>
  <mensagem value="A263">A Descri%E7%E3o do item %E9 obrigat%F3ria </mensagem>
  <mensagem value="A264">A Quantidade do item [dsproduto] %E9 obrigat%F3ria </mensagem>
  <mensagem value="A265">O Valor Total do item [dsproduto] %E9 obrigat%F3rio </mensagem>
  <mensagem value="A266">A Classifica%E7%E3o Fiscal %E9 obrigat%F3ria </mensagem>
  <mensagem value="A267">A Tributa%E7%E3o do ICMS %E9 obrigat%F3ria </mensagem>
  <mensagem value="A268">A Al%EDquota do ICMS %E9 obrigat%F3ria </mensagem>
  <mensagem value="A269">A Al%EDquota do IPI %E9 obrigat%F3ria </mensagem>
  <mensagem value="A270">N%E3o existem itens inclu%EDdos para essa NF </mensagem>
  <mensagem value="A271">Favor cancelar o formul%E1rio utilizado na impress%E3o anterior </mensagem>
  <mensagem value="A272">Essa NF foi cancelada%2C e portanto n%E3o pode ser impressa </mensagem>
  <mensagem value="A273">CFOP inv%E1lido para o n%FAmero de itens existente na NF </mensagem>
  <mensagem value="A274">Confirma inclus%E3o de Ajuste %3F </mensagem>
  <mensagem value="A275">Data de Emiss%E3o n%E3o pode ser menor que data atual </mensagem>
  <mensagem value="A276">A Raz%E3o Social do cliente %E9 obrigat%F3ria. </mensagem>
  <mensagem value="A277">O c%F3digo do CFOP %E9 obrigat%F3rio. </mensagem>
  <mensagem value="A278">O Peso L%EDquido %E9 obrigat%F3rio. </mensagem>
  <mensagem value="A279">N%E3o %E9 poss%EDvel excluir o item da NF%2C porque j%E1 houve utiliza%E7%E3o do seu saldo. </mensagem>
  <mensagem value="A280">N%E3o h%E1 saldo dispon%EDvel no item para abater a quantidade informada. </mensagem>
  <mensagem value="A281">Data do Fechamento n%E3o pode ser menor ou igual %E0 Data do Saldo Anterior. </mensagem>
  <mensagem value="A282">Confirma o fechamento do estoque no per%EDodo indicado%3F </mensagem>
  <mensagem value="A283">H%E1 um fechamento de per%EDodo em andamento para essa filial. Por favor%2C aguarde... </mensagem>
  <mensagem value="A284">As quantidades, quando informadas conjuntamente, devem ser iguais. </mensagem>
  <mensagem value="A285">As NF%27s de Entrada associadas %E0 opera%E7%E3o j%E1 foram movimentadas. Confirma %3F </mensagem>
  <mensagem value="A286">A quantidade informada deve ser menor ou igual ao saldo das NF%27s de Entrada associadas %E0 opera%E7%E3o. </mensagem>
  <mensagem value="A287">A quantidade informada ir%E1 zerar o saldo das NF%27s de Entrada associadas %E0 opera%E7%E3o. Confirma %3F </mensagem>
  <mensagem value="A288">A quantidade informada deve ser menor que o saldo das NF%27s de Entrada associadas %E0 opera%E7%E3o. </mensagem>
  <mensagem value="A289">A quantidade informada deve ser menor que a quantidade da opera%E7%E3o a ser ajustada. </mensagem>
  <mensagem value="A290">A quantidade informada deve ser menor que o Saldo Fiscal do Cliente/Produto/Lote. </mensagem>
  <mensagem value="A291">A quantidade informada deve ser menor que o Saldo de Guarda Fisica do Cliente/Produto/Lote. </mensagem>
  <mensagem value="A292">A quantidade informada deve ser menor que o Saldo de Transito Aduaneiro do Cliente/Produto/Lote. </mensagem>
  <mensagem value="A293">Quantidade e/ou Valor invalidos. Pelo menos um dos campos deve ser informado.</mensagem>
  <mensagem value="A294">A NF de Venda j%E1 foi usada na devolu%E7%E3o de produto. Confirma o ajuste %3F </mensagem>
  <mensagem value="A295">Cliente Vendedor n%E3o tem saldo cont%E1bil suficiente. Confirma%3F </mensagem>
  <mensagem value="A296">Cliente Comprador n%E3o tem saldo cont%E1bil suficiente.</mensagem>
  <mensagem value="A297">A NF Venda n%E3o tem saldo suficiente para essa opera%E7%E3o. </mensagem>
  <mensagem value="A298">O valor original da NF Venda %E9 menor que o valor informado. </mensagem>
  <mensagem value="A299">O Saldo de valor em Notas n%E3o %E9 suficiente para cobrir essa opera%E7%E3o. </mensagem>
  <mensagem value="A300">O Dep%F3sito Destino n%E3o %E9 do mesmo tipo do Dep%F3sito Origem. </mensagem>
  <mensagem value="A301">O Dep%F3sito Destino n%E0o %E9 do cliente. </mensagem>
  <mensagem value="A302">O Dep%F3sito Destino n%E0o cont%E9m o mesmo produto. </mensagem>
  <mensagem value="A303">Data de emissao n%E3o pode ser maior que a data atual. </mensagem>
  <mensagem value="A304">Deseja Escriturar a NF do cliente %3F </mensagem>
  <mensagem value="A305">A diferen%E7a a ser corrigida tem que ser menor ou igual ao Saldo do item da NF.</mensagem>
  <mensagem value="A306">O valor a ser corrigido n%E3o pode ser maior que o Valor do item da NF.</mensagem>
  <mensagem value="A307">A Data de Corre%E7%E3o %E9 obrigat%F3ria.</mensagem>
  <mensagem value="A308">A quantidade a ser corrigida n%E3o pode ser maior que a Qtd. Produto do Item da NF.</mensagem>
  <mensagem value="A309">O Saldo do item n%E3o pode ficar maior que o Valor do item.</mensagem>
  <mensagem value="A310">N%E3o %E9 permitido excluir o item%2C porque este est%E1 sendo utilizado como lastro na emiss%E3o de NF de Sa%EDda.</mensagem>
  <mensagem value="A311">O Regime Aduaneiro e a Declara%E7%E3o de Importa%E7%E3o s%E3o obrigat%F3rios.</mensagem>
  <mensagem value="A312">O Regime Aduaneiro informado n%E3o confere com o indicado no Documento de Importa%E7%E3o.</mensagem>
  <mensagem value="A313">A Data de emis%E3o da D.I. %E9 obrigat%F3ria. </mensagem>
  <mensagem value="A314">Regime Aduaneiro inv%E1lido. </mensagem>
  <mensagem value="A315">Linha de Pier/Vag%E3o inexistente. </mensagem>
  <mensagem value="A316">Dep%F3sito inexistente. </mensagem>
  <mensagem value="A317">Navio inexistente. </mensagem>
  <mensagem value="A318">Dutovia inexistente. </mensagem>
  <mensagem value="A319">Ve%EDculo n%E3o pode misturar produtos combust%EDveis e n%E3o-combust%EDveis </mensagem>
  <mensagem value="A320">Data de descarte n%E3o pode ser maior que a data atual. </mensagem>
  <mensagem value="A321">Confirma o descarte da%28s%29 amostra%28s%29 %3F </mensagem>
  <mensagem value="A322">Vag%E3o j%E1 em opera%E7%E3o. N%E3o existe o registro de sa%EDda do terminal. </mensagem>
  <mensagem value="A323">Invent%E1rio j%E1 encerrado. </mensagem>
  <mensagem value="A324">Existem itens desse invent%E1rio sem informa%E7%E3o de quantidade contada. </mensagem>
  <mensagem value="A325">Invent%E1rio sem diverg%EAncia. Para encerrar clique no link Encerrar Invent%E1rio. </mensagem>
  <mensagem value="A326">O n%FAmero de contagem %E9 menor que 3.  Continua %3F </mensagem>
  <mensagem value="A327">N%E3o %E9 poss%EDvel gerar o invent%E1rio com a data anterior %E0 data do %FAltimo fechamento. </mensagem>
  <mensagem value="A328">Quadra sem itens para inventariar. </mensagem>
  <mensagem value="A329">N%E3o %E9 poss%EDvel alterar. Raiz CNPJ j%E1 existe. </mensagem>
  <mensagem value="A330">N%E3o %E9 poss%EDvel inserir. Complemento e Digito CNPJ j%E1 existe. </mensagem>
  <mensagem value="A331">N%E3o %E9 poss%EDvel inserir. Nome Fantasia da Filial j%E1 existe. </mensagem>
  <mensagem value="A332">N%E3o %E9 poss%EDvel alterar. Nome Fantasia da Filial j%E1 existe. </mensagem>
  <mensagem value="A333">N%E3o %E9 poss%EDvel excluir esse registro. Ele %E9 uma Empresa Ultra. </mensagem>
  <mensagem value="A334">N%E3o existe medi%E7%E3o no(s) tanque(s) [tanques] para essa opera%E7%E3o. </mensagem>
  <mensagem value="A335">A medi%E7%E3o do tanque ainda n%E3o foi efetivada. </mensagem>
  <mensagem value="A336">N%E3o %E9 poss%EDvel alterar. Raiz CNPJ/CPF j%E1 existe. </mensagem>
  <mensagem value="A337">Invent%E1rio j%E1 encerrado n%E3o pode ser excluido. </mensagem>
  <mensagem value="A338">Existe um invent%E1rio n%E3o encerrado para essa quadra. </mensagem>
  <mensagem value="A339">Informado o campo Tipo Placa ou a Placa%2C ambos devem ser preenchidos.</mensagem>
  <mensagem value="A340">As placas de SR1 e SR2 devem ser diferentes. </mensagem>
  <mensagem value="A341">Data de Inspe%E7%E3o CVV n%E3o pode ser maior que data atual </mensagem>
  <mensagem value="A342">Data de Validade CVV n%E3o pode ser menor que a Data de Inspe%E7%E3o CVV.</mensagem>
  <mensagem value="A343">Data de Inspe%E7%E3o CIPP n%E3o pode ser maior que data atual </mensagem>
  <mensagem value="A344">Data de Validade CIPP n%E3o pode ser menor que a Data de Inspe%E7%E3o CIPP.</mensagem>
  <mensagem value="A345">A data e hora de inspe%E7%E3o n%E3o podem ser maior que a data e hora atual. </mensagem>
  <mensagem value="A346">Um dos equipamentos foi reprovado. A opera%E7%E3o ser%E1 cancelada e a composi%E7%E3o dever%E1 sair do terminal. Confirma %3F  </mensagem>
  <mensagem value="A347">Favor registrar o Check-Out da composi%E7%E3o. </mensagem>
  <mensagem value="A348">J%E1 existe um ve%EDculo com essa placa. </mensagem>
  <mensagem value="A349">Invent%E1rio j%E1 na terceira contagem. A Opera%E7%E3o n%E3o pode ser executada. </mensagem>
  <mensagem value="A350">A medi%E7%E3o j%E1 foi efetivada portanto ela ser%E1 cancelada.</mensagem>
  <mensagem value="A351">A medi%E7%E3o j%E1 est%E1 cancelada. </mensagem>
  <mensagem value="A352">A Data/Hora Inicio da opera%E7%E3o deve ser maior ou igual %E0 Data/Hora de Medi%E7%E3o Inicial. </mensagem>]
  <mensagem value="A353">Informe um dos campos%3A Quantidade Cont%E1bil ou Valor. </mensagem>
  <mensagem value="A354">Imposs%EDvel selecionar essa NF. As NF%B4s j%E1 selecionadas s%E3o suficiente para cobrir essa opera%E7%E3o. </mensagem>
  <mensagem value="A355">Confirma o cancelamento de Pend%EAncia Fiscal dessa opera%E7%E3o %3F </mensagem>
  <mensagem value="A356">O cancelamento da Pend%EAncia Fiscal ir%E1 gerar Saldo de Guarda Fisica. Confirma %3F </mensagem>
  <mensagem value="A357">Data de Emiss%E3o da NF n%E3o pode ser maior que data atual </mensagem>
  <mensagem value="A358">Cliente sem contrato. Continua %3F  </mensagem>
  <mensagem value="A359">Embalagem Origem %E9 obrigat%F3rio. </mensagem>
  <mensagem value="A360">Despachante n%E3o informado. Confirma %3F </mensagem>
  <mensagem value="A361">Dep%F3sito n%E3o existe. </mensagem>
  <mensagem value="A362">N%E3o existe relacionamento entre o Produto e a Embalagem Destino. </mensagem>
  <mensagem value="A363">O Tipo de Estoque %E9 obrigat%F3rio. </mensagem>
  <mensagem value="A364">Tipo de Frete %E9 obrigat%F3rio.</mensagem>
  <mensagem value="A365">Confirma gera%E7%E3o das programa%E7%F5es para esse item %3F</mensagem>
  <mensagem value="A366">Esse registro n%E3o pode ser alterado. O navio j%E1 zarpou.</mensagem>
  <mensagem value="A367">A Ag%EAncia Marit%EDma %E9 obrigat%F3ria nesse tipo de programam%E7%E3o.</mensagem>
  <mensagem value="A368">FAC n%E3o foi impressa.</mensagem>
  <mensagem value="A369">Etiqueta de amostra n%E3o impressa.</mensagem>
  <mensagem value="A370">Embalagem destino %E9 obrigat%F3ria.</mensagem>
  <mensagem value="A371">Lote obrigat%F3rio para Estoque Aduaneiro.</mensagem>
  <mensagem value="A372">Quantiadade programada %E9 obrigat%F3ria quando for batelada.</mensagem>
  <mensagem value="A373">Campo pais %E9 obrigat%F3rio.</mensagem>
  <mensagem value="A374">A quantidade prog. %E9 menor que a capacidade do ve%EDculo. Continua %3F  </mensagem>
  <mensagem value="A375">A quantidade prog. %E9 menor que a quantidade a ser carregada. Continua %3F  </mensagem>
  <mensagem value="A376">A quantidade a movimentar %E9 obrigat%F3ria em opera%E7%F5es de Carga Embalada.</mensagem>
  <mensagem value="A377">A filial n%E3o tem balan%E7a cadastrada.</mensagem>
  <mensagem value="A378">A filial tem mais de uma balan%E7a cadastrada.</mensagem>
  <mensagem value="A379">N%E3o foi poss%EDvel efetuar a leitura da balan%E7a. Problema de comunica%E7%E3o.</mensagem>
  <mensagem value="A380">Expirou o timeout de leitura da balan%E7a. Tente novamente. </mensagem>
  <mensagem value="A381">H%E1 sobrecarga na balan%E7a. </mensagem>
  <mensagem value="A382">O N%FAmero do canal de comunica%E7%E3o com a balan%E7a n%E3o %E9 v%E1lido. Verifique o cadastro de Equipamento.</mensagem>
  <mensagem value="A383">N%E3o foi poss%EDvel realizar a conex%E3o com a Balan%E7a. Verifique o cadastro de Equipamento. </mensagem>
  <mensagem value="A384">N%E3o foi poss%EDvel detectar a hardkey local ou de rede para a Balan%E7a. </mensagem>
  <mensagem value="A385">N%E3o %E9 poss%EDvel fazer Carta de Corre%E7%E3o para NF Cancelada. </mensagem>
  <mensagem value="A386">Usu%E1rio sem autoriza%E7%E3o para essa opera%E7%E3o. </mensagem>
  <mensagem value="A387">Essa instru%E7%E3o est%E1 efetivada e dentro do per%EDodo de vig%EAncia. Continua %3F </mensagem>
  <mensagem value="A388">%E9 necess%E1rio pelo menos um Grupo de A%E7%E3o informado.</mensagem>
  <mensagem value="A389">A data/hora de in%EDcio de validade n%E3o pode ser menor que a data/hora atual. </mensagem>
  <mensagem value="A390">O Dep%F3sito destino n%E3o pode ser o mesmo que o origem. </mensagem>
  <mensagem value="A391">A quantidade prog. para carga %E9 maior que o saldo da quantidade descarregada para transbordo. </mensagem>
  <mensagem value="A392">A data/hora de direcionamento tem que estar entre a data/hora de chegada e a data/hora atual. </mensagem>
  <mensagem value="A393">O saldo dispon%EDvel %E9 menor que a quantidade a movimentar indicada. Continua %3F </mensagem>
  <mensagem value="A400">Erro na Leitura do Cart%E3o. Tenta mais uma vez %3F</mensagem>
  <mensagem value="A401">Erro na Grava%E7%E3o do Cart%E3o. Tenta mais uma vez %3F</mensagem>
  <mensagem value="A402">N%E3o %E9 poss%EDvel alterar. CPF j%E1 existe.</mensagem>
  <mensagem value="A403">N%E3o %E9 poss%EDvel inserir. CPF j%E1 existe.</mensagem>
  <mensagem value="A404">J%E1 existe um item de programa%E7%E3o id%EAntico.</mensagem>
  <mensagem value="A405">A quantidade l%EDquido cliente n%E3o foi informado.</mensagem>
  <mensagem value="A406">A capacidade do ve%EDculo n%E3o foi informada.</mensagem>
  <mensagem value="A407">A Tara n%E3o pode ser maior ou igual ao peso Bruto.</mensagem>
  <mensagem value="A408">O produto %E9 controlado pela ANP, mas o modal programado n%E3o tem C%F3digo ANP. Continua %3F</mensagem>
  <mensagem value="A409">Essa composi%E7%E3o foi reprovada na inspe%E7%E3o.</mensagem>
  <mensagem value="A410">Volume de origem sem informa%E7%E3o da ocupa%E7%E3o do destino: [CodVolume].</mensagem>
  <mensagem value="A411">N%E3o %E9 poss%EDvel realizar opera%E7%E3o, porque o dep%F3sito n%E3o possui saldo dispon%EDvel: [Deposito].</mensagem>
  <mensagem value="A412">Confirma efetiva%E7%E3o do Tanque %3F</mensagem>
  <mensagem value="A413">Pelo menos uma temperatura deve ser Informada.</mensagem>
  <mensagem value="A414">A Quantidade informada do Item [dsproduto] %E9 diferente da Quantidade Cont%E1bil. Confirma %3F</mensagem>
  <mensagem value="A415">J%E1 existe a Declara%E7%E3o de Importa%E7%E3o com esse n%FAmero [NUMERO_DI]. Confirma %3F</mensagem>
  <mensagem value="A416">A Qtd. Atendida %E9 obrigat%F3ria.</mensagem>
  <mensagem value="A417">Existe diferen%E7a entre Qtd. Atendida informada e Qtd. Produto: [vl_diferenca]</mensagem>
  <mensagem value="A418">Existe diferen%E7a entre Qtd. Atendida informada e Qtd. Programada: [vl_diferenca]</mensagem>
  <mensagem value="A419">O Terminal n%E3o tem o Modelo de Ocorr%EAncia de Turno definido.</mensagem>
  <mensagem value="A420">A Data/Hora chegada n%E3o pode ser maior que Data/Hora atual.</mensagem>
  <mensagem value="A421">O Total das Quantidades selecionadas para carga n%E3o conferem com a Qtde. Movimentar informada.</mensagem>
  <mensagem value="A422">Remetente deve ser igual ao do check-in</mensagem>
  <mensagem value="A423">Exclus%E3o n%E3o permitida. Existe pelo menos um pedido de cliente para esta programa%E7%E3o.</mensagem>
  <mensagem value="A424">Fator de Corre%E7%E3o ou Densidade n%E3o definidos para o produto.</mensagem>
  <mensagem value="A425">S%F3 %E9 permitido selecionar itens semelhantes: Terminal, Cliente, Tipo Movimenta%E7%E3o e Modal iguais ou Modais (Rodovi%E1rio e Ferrovi%E1rio para carga).</mensagem>
  <mensagem value="A426">N%E3o existem NFs para concluir essa opera%E7%E3o.</mensagem>
  <mensagem value="A427">Tentar novamente %3F</mensagem>
  <mensagem value="A428">Confirma gera%E7%E3o da NF de Sa%EDda %3F</mensagem>
  <mensagem value="A429">Confirma impress%E3o da NF de Sa%EDda %3F</mensagem>
  <mensagem value="A430">Medi%E7%F5es Inicial e Final incompat%EDveis com a Opera%E7%E3o.</mensagem>
  <mensagem value="A431">A quantidade informada deve ser menor que o Saldo Cont%E1bil do Dep%F3sito/Cliente/Produto. </mensagem>
  <mensagem value="A432">Data de Medi%E7%E3o n%E3o pode ser maior que Data/Hora atual. </mensagem>
  <mensagem value="A433">A Data da Carta de Corre%E7%E3o n%E3o pode ser maior que a Data Atual e nem menor que a Data de Emiss%E3o da NF. </mensagem>
  <mensagem value="A434">A Medi%E7%E3o Inicial deve ser feita antes da Medi%E7%E3o Final. </mensagem>
  <mensagem value="A435">Esse registro de ocorr%EAncia n%E3o pode ser editado ou exclu%EDdo, porque j%E1 foi efetivado. </mensagem>
  <mensagem value="A436">N%E3o existe a categoria [categoria]. </mensagem>
  <mensagem value="A437">Data/Hora de In%EDcio n%E3o pode ser menor que Data/Hora de Chegada. </mensagem>
  <mensagem value="A438">Deseja realmente efetuar o checkout desse ve%EDculo %3F</mensagem>
  <mensagem value="A439">A quantidade do Item da NF do Cliente n%E3o confere com quantidade informada. Continua%3F </mensagem>
  <mensagem value="A440">O estoque excede a capacidade de dep%F3sito. </mensagem>
  <mensagem value="A441">Os Dados da Nota n%E3o conferem com os dados digitados originalmente. Confirma%3F</mensagem>
  <mensagem value="A442">A Quantidade do item da Nota n%E3o confere dos dados digitados originalmente. Confirma%3F</mensagem>
  <mensagem value="A443">O valor do item da Nota n%E3o confere com o dado digitado originalmente. Confirma%3F</mensagem>
  <mensagem value="A444">Pre%E7o Unit%E1rio [precounitario]. Confirma%3F</mensagem>
  <mensagem value="A445">Deseja emitir a NF de sa%EDda%3F</mensagem>
  <mensagem value="A446">As Notas Fiscais Entrada n%E3o s%E3o suficientes para cobrir o(s) Produto(s).</mensagem>
  <mensagem value="A447">N%E3o h%E1 saldo fiscal dispon%EDvel para atender o item da nota de sa%EDda.</mensagem>
  <mensagem value="A448">J%E1 existe outra quadra definida como Area de Transfer%EAncia para este terminal.</mensagem>
  <mensagem value="A449">Deseja imprimir nota fiscal%3F</mensagem>
  <mensagem value="A450">N%E3o existe quadra definida como Area de Transfer%EAncia para este terminal</mensagem>
  <mensagem value="A451">N%E3o %E9 poss%EDvel fazer o cancelamento de Pend%EAncia Fiscal para produtos/lotes diferentes. Selecione apenas itens do mesmo produto/lote.</mensagem>
  <mensagem value="A452">A Nota Fiscal %E9 obrigat%F3ria.</mensagem>
  <mensagem value="A453">A quantidade da nota j%E1 foi alocada a uma quantidade cont%E1bil quase na sua totalidade. Confirma %3F</mensagem>
  <mensagem value="A454">A quantidade selecionada vai exceder a quantidade da nota. Confirma %3F</mensagem>
  <mensagem value="A455">Confirma cancelamento da Nota Fiscal %3F</mensagem>
  <mensagem value="A456">Essa NF %E9 anterior %E0 data de  %FAltimo fechamento fiscal. N%E3o pode ser Cancelada.</mensagem>
  <mensagem value="A457">N%E3o %E9 poss%EDvel excluir esse registro. A Nota Fiscal j%E1 foi usada.</mensagem>
  <mensagem value="A458">Nenhum dominio selecionado</mensagem>
  <mensagem value="A459">Informe ao menos um  vag%E3o.</mensagem>
  <mensagem value="A460">A quantidade da NF diverge da capacidade do vag%E3o. Confima %3F</mensagem>
  <mensagem value="A461">Arquivo enviado para a impressora.</mensagem>
  <mensagem value="A462">Porta serial n%E3o existe</mensagem>
  <mensagem value="A463">Porta serial em uso</mensagem>
  <mensagem value="A464">Confirma a opera%E7%E3o%3F</mensagem>
  <mensagem value="A465">J%E1 existe um item com essa Embalagem e Lote.</mensagem>
  <mensagem value="A466">A quantidade de produto do lote excede a Qtde de Nota.</mensagem>
  <mensagem value="A467">Pelo menos um dos itens deve ser informado.</mensagem>
  <mensagem value="A468">Os itens j%E1 selecionados s%E3o suficiente para cobrir essa opera%E7%E3o.</mensagem>
  <mensagem value="A469">Informe pelo menos uma das quantidades.</mensagem>
  <mensagem value="A470">Necess%E1rio informar o N%EDvel.</mensagem>
  <mensagem value="A471">Necess%E1rio informar a Posi%E7%E3o.</mensagem>
  <mensagem value="A472">Necess%E1rio informar a Rua.</mensagem>
  <mensagem value="A473">Confirma o cancelamento do item para essa expedi%E7%E3o%3F </mensagem>
  <mensagem value="A474">Filial em processo de fechamento fiscal. Tente mais tarde.</mensagem>
  <mensagem value="A475">N%E3o %E9 poss%EDvel fazer este cancelamento. A data da movimenta%E7%E3o %E9 anterior ao fechamento fiscal.</mensagem>
  <mensagem value="A476">N%E3o %E9 poss%EDvel fazer este cancelamento. Existe Nota Fiscal associado a movimenta%E7%E3o.</mensagem>
  <mensagem value="A477">Tabela de Interpola%E7%E3o Milim%E9trica com valores inv%E1lidos.</mensagem>
  <mensagem value="A478">Informe pelo menos um dos estoques.</mensagem>
  <mensagem value="A479">N%E3o %E9 poss%EDvel mudar o status da Nota Fiscal.</mensagem>
  <mensagem value="A480">N%FAmero do DTA %E9 obrigat%F3rio.</mensagem>
  <mensagem value="A481">N%FAmero do DTA inv%E1lido.</mensagem>
  <mensagem value="A482">Tipo de Estoque incompat%EDvel com a programacao.</mensagem>
  <mensagem value="A483">A medi%E7%E3o n%E3o pode ser cancelada pois a PA [pa] associada j%E1 foi Encerrada,</mensagem>
  <mensagem value="A484">Informe pelo menos um dep%F3sito. </mensagem>
  <mensagem value="A485">N%E3o existe fator de corre%E7%E3o para essa temperatura / densidade.</mensagem>
  <mensagem value="A486">Entrepostamento Aduaneiro permitido somente para opera%E7%E3o de Importa%E7%E3o/Exporta%E7%E3o.</mensagem>
  <mensagem value="A487">A Data n%E3o pode ser maior que a data atual </mensagem>
  <mensagem value="A488">Selecione apenas um item na opera%E7%E3o de Entrepostamento Aduaneiro.</mensagem>
  <mensagem value="A489">A quantidade informada deve ser menor que o Saldo de Entrepostamento Aduaneiro do Deposito/Cliente/Produto/Lote.</mensagem>
  <mensagem value="A490">N%E3o %E9 poss%EDvel realizar essa opera%E7%E3o. N%E3o existe saldo do cliente. </mensagem>
  <mensagem value="A491">A confirma%E7%E3o dessa opera%E7%E3o ir%E1 gerar um lan%E7amento em estoque Guarda F%EDsica.</mensagem>
  <mensagem value="A492">Confirma o estorno do lan%E7amento Cont%E1bil e o cancelamento da Pend%EAncia Fiscal desse registro%3F</mensagem>
  <mensagem value="A493">J%E1 existe uma programa%E7%E3o igual para esse Terminal nessa data.</mensagem>
  <mensagem value="A494">N%E3o %E9 poss%EDvel realizar essa opera%E7%E3o. Desembara%E7o Fiscal j%E1 encerrado.</mensagem>
  <mensagem value="A495">N%E3o %E9 poss%EDvel realizar o estorno para esse tipo de movimenta%E7%E3o.</mensagem>
  <mensagem value="A496">N%E3o %E9 poss%EDvel realizar essa opera%E7%E3o. Um parte da Transfer%EAncia de Propriedade teve o Desembara%E7o Fiscal j%E1 encerrado.</mensagem>
  <mensagem value="A497">J%E1 existe um item com esse Lote / DI.</mensagem>
  <mensagem value="A498">Necess%E1rio informar pelo menos uma D.I.</mensagem>
  <mensagem value="A499">Os campos Tanque e Ber%E7o s%E3o mutuamente exclusivos. Somente um deles pode ser informado.</mensagem>
  <mensagem value="A500">O Volume da linha deve ser maior que zero.</mensagem>
  <mensagem value="A501">O n%FAmero da D.A. deve ser informado.</mensagem>
  <mensagem value="A502">D.A. n%E3o possui saldo suficiente.</mensagem>
  <mensagem value="A503">NF j%E1 Cancelada.</mensagem>
  <mensagem value="A504">O volume calculado excede em mais de 1% a capacidade da carreta. Confirma %3F</mensagem>
  <mensagem value="A505">Diferen%E7a entre peso da Balan%E7a e massa caculada. Peso da Balan%E7a [SINAL] em [VALOR]%. Confirma os dados %3F</mensagem>
  <mensagem value="A506">Cart%E3o inexistente.</mensagem>
  <mensagem value="A507">J%E1 existe um item com mesma Embalagem / Lote / DI.</mensagem>
  <mensagem value="A508">Os itens de PAs j%E1 foram recebidos.</mensagem>
  <mensagem value="A509">Se a quantidade de amostra for zero a validade deve ser zero.</mensagem>
  <mensagem value="A510">Dt/Hr. Contra Marca n%E3o pode ser menor que Dt/Hr. de Coloca%E7%E3o da Escada e nem maior que dt/hr. atual.</mensagem>
  <mensagem value="A511">Dt/Hr. de In%EDcio de Reuni%E3o de Bordo n%E3o pode ser menor que Dt/Hr. de Contra Marca e nem maior que dt/hr. atual.</mensagem>
  <mensagem value="A512">Dt/Hr. Final de Reuni%E3o de Bordo n%E3o pode ser menor que Dt/Hr. de In%EDcio de Reuni%E3o de Bordo e nem maior que dt/hr. atual.</mensagem>
  <mensagem value="A513">Dt/Hr. de Conex%E3o da Mangueira de Purga n%E3o pode ser maior que Dt/Hr. atual</mensagem>
  <mensagem value="A514">Dt/Hr. do Terminal Pronto a Operar n%E3o pode ser menor que Dt/Hr. Mangotes Conectados e nem maior que dt/hr. atual.</mensagem>
  <mensagem value="A515">Dt/Hr. de In%EDcio de Enchimento das Linhas de Bordo n%E3o pode ser maior que dt/hr. atual.</mensagem>
  <mensagem value="A516">Dt/Hr. Final de Enchimento das Linhas de Bordo n%E3o pode ser menor que Dt/Hr. de In%EDcio de Enchimento das Linhas de Bordo e nem maior que dt/hr. atual.</mensagem>
  <mensagem value="A517">A quantidade de produto do lote %E9 diferente da Qtde de Nota.</mensagem>
  <mensagem value="A518">A Quantidade Programada %E9 maior que o saldo ([Saldo]) [TipoEstoque] existente. Confirma %3F </mensagem>
  <mensagem value="A519">Saldo [TipoEstoque] Dispon%EDvel para [Saldo]. Confirma%3F </mensagem>
  <mensagem value="A520">A Quantidade Programada %E9 maior que o saldo ([Saldo]) de Entrepostamento Aduaneiro existente no dep%F3sito.</mensagem>
  <mensagem value="A521">Data de T%E9rmino n%E3o pode ser maior que a data atual</mensagem>
  <mensagem value="A522">Data de T%E9rmino n%E3o pode ser menor que a data inicial</mensagem>
  <mensagem value="A523">Data de Sa%EDda n%E3o pode ser maior que a data atual</mensagem>
  <mensagem value="A524">Data de Sa%EDda n%E3o pode ser menor que a data de t%E9rmino</mensagem>
  <mensagem value="A525">Dt/Hr. Parada Amostragem P%E9 n%E3o pode ser menor que Dt/Hr. In%EDcio Bombeamento P%E9 ou maior que Dt/Hr. atual</mensagem>
  <mensagem value="A526">N%E3o existe n%FAmero de FAC para esse ve%EDculo. Emita a FAC antes de completar essa opera%E7%E3o.</mensagem>
  <mensagem value="A527">Cart%E3o trava v%E1lvula j%E1 informado</mensagem>
  <mensagem value="A528">O n%FAmero do cart%E3o trava v%E1lvula deve ser informado</mensagem>
  <mensagem value="A529">N%FAmero do Cart%E3o trava v%E1lvula inv%E1lido</mensagem>
  <mensagem value="A530">O CIPP do SRT1 n%E3o especifica esse produto.</mensagem>
  <mensagem value="A531">O CIPP do SRT2 n%E3o especifica esse produto.</mensagem>
  <mensagem value="A532">SRT1 sem CVV. N%E3o %E9 poss%EDvel efetuar carga/descarga de combust%EDvel.</mensagem>
  <mensagem value="A533">SRT1 com CVV vencido. Confirma descarga%3F</mensagem>
  <mensagem value="A534">SRT2 sem CVV. N%E3o %E9 poss%EDvel efetuar carga/descarga de combust%EDvel.</mensagem>
  <mensagem value="A535">SRT2 com CVV vencido. Confirma descarga%3F</mensagem>
  <mensagem value="A536">Truck sem CVV. N%E3o %E9 poss%EDvel efetuar carga/descarga de combust%EDvel.</mensagem>
  <mensagem value="A537">Truck com CVV vencido. Confirma descarga%3F</mensagem>
  <mensagem value="A538">A data da Movimenta%E7%E3o deve ser maior ou igual a [datatermino] e menor ou igual a [dataatual]</mensagem>
  <mensagem value="A539">Confirma encerramento com data retroativa%3F</mensagem>
  <mensagem value="A540">O Cart%E3o trava v%E1lvula [ProdutoLoteDep] na Sa%EDda %E9 diferente da entrada.</mensagem>
  <mensagem value="A541">O Time Log n%E3o foi preenchido corretamente</mensagem>
  <mensagem value="A542">N%E3o %E9 poss%EDvel realizar essa opera%E7%E3o, porque a movimenta%E7%E3o n%E3o foi cancelada.</mensagem>
  <mensagem value="A543">Dt/Hr. de Navio Pronto a Operar n%E3o pode ser menor que Dt/Hr da Final da Purga e nem maior que Dt/Hr. atual.</mensagem>
  <mensagem value="A544">Dt/Hr. de In%EDcio de Bombeamento do Primeiro P%E9 n%E3o pode ser menor que Dt/Hr de Libera%E7%E3o da Linha de Terra e nem maior que Dt/Hr. atual.</mensagem>
  <mensagem value="A545">Dt/Hr. de In%EDcio de Bombeamento do Primeiro P%E9 n%E3o pode ser menor que Dt/Hr de Libera%E7%E3o da Linha de Bordo e nem maior que Dt/Hr. atual.</mensagem>
  <mensagem value="A546">Dt/Hr. de In%EDcio de Bombeamento do Primeiro P%E9 n%E3o pode ser menor que Dt/Hr. do Terminal Pronto a Operar e nem maior que Dt/Hr. atual.</mensagem>
  <mensagem value="A547">Dt/Hr. de In%EDcio de Bombeamento n%E3o pode ser menor que Dt/Hr de Libera%E7%E3o do Primeiro P%E9 e nem maior que Dt/Hr. atual.</mensagem>
  <mensagem value="A548">Dt/Hr. de In%EDcio de Bombeamento n%E3o pode ser menor que Dt/Hr de Libera%E7%E3o da Linha de Terra e nem maior que Dt/Hr. atual.</mensagem>
  <mensagem value="A549">Dt/Hr. de In%EDcio de Bombeamento n%E3o pode ser menor que Dt/Hr de Libera%E7%E3o da Linha de Bordo e nem maior que Dt/Hr. atual.</mensagem>
  <mensagem value="A550">Temperatura n%E3o informada.</mensagem>
  <mensagem value="A551">Saldo cont%E1bil do tanque de origem MENOR do que a quantidade apurada. Transfere todo o saldo cont%E1bil?</mensagem>
  <mensagem value="A552">O N%EDvel Inicial %E9 menor que o N%EDvel Final nesse tipo de opera%E7%E3o. Confirma%3F</mensagem>
  <mensagem value="A553">O N%EDvel Inicial %E9 maior que o N%EDvel Final nesse tipo de opera%E7%E3o. Confirma%3F</mensagem>
  <mensagem value="A554">Necess%E1rio fazer o Check In Maritimo antes de Efetivar o Livro.</mensagem>
  <mensagem value="A555">N%E3o existe estoque [tipoestoque] do Cliente/Produto/Lote. Confirma %3F</mensagem>
  <mensagem value="A556">Deseja antecipar chegada do Navio%3F</mensagem>
  <mensagem value="A557">Ve%EDculo Checkoutado. Opera%E7%F5es Canceladas.</mensagem>
  <mensagem value="A558">Tipo de produto incompat%EDvel com o calculo.</mensagem>
  <mensagem value="A559">Saldo Fiscal ([saldo]), Pend%EAncia Fiscal Carga ([pendencia]), Reten%E7%E3o ([retencao]), Opera%E7%F5es em andamento ([operacao]). Saldo Fiscal Dispon%EDvel ([disponivel]) baixo ou insuficiente para esta Opera%E7%E3o ([quantidade]). Se Confirmar, a opera%E7%E3o do ve%EDculo será bloqueada. Confirma %3F</mensagem>
  <mensagem value="A560">S%E9rie da Nota Fiscal Inv%E1lida.</mensagem>
  <mensagem value="A561">N%E3o %E9 permitido inserir mais que onze Itens.</mensagem>
  <mensagem value="A562">Existe Ocorr%EAncia de Turno N%E3o efetivada para o terminal.</mensagem>
  <mensagem value="A563">N%E3o existe saldo cont%E1bil neste dep%F3sito. Confima %3F</mensagem>
  <mensagem value="A564">Espa%E7o dispon%EDvel para apenas [espaco livre] [Unidade]. Confirma descarga%3F</mensagem>
  <mensagem value="A565">N%EDvel acima do maior n%EDvel da tabela.</mensagem>
  <mensagem value="A566">N%FAmero do DTA %E9 obrigat%F3rio ou inv%E1lido.</mensagem>
  <mensagem value="A567">Fam%EDlia incompat%EDvel com a unidade.</mensagem>
  <mensagem value="A568">Ve%EDculo sem capacidade cadastrada.</mensagem>
  <mensagem value="A569">Navio j%E1 cadastrado.</mensagem>
  <mensagem value="A570">N%EDvel acima do maior n%EDvel da Tabela Arquea%E7%E3o.</mensagem>
  <mensagem value="A571">O condutor est%E1 impedido.</mensagem>
  <mensagem value="A572">Data de Emiss%E3o menor que a data atual. Confirma%3F</mensagem>
  <mensagem value="A573">As informacoes de comunica%E7%E3o com a balanca do terminal n%E3o foram cadastradas. </mensagem>
  <mensagem value="A574">N%E3o  h%E1 saldo fiscal para cobrir esta Opera%E7%E3o.</mensagem>
  <mensagem value="A575">Deseja escriturar outra nota para estas movimenta%E7%F5es%3F</mensagem>
  <mensagem value="A576">Manter a Pend%EAncia Fiscal%3F</mensagem>
  <mensagem value="A577">Tipo de Equipamento j%E1 cadastrado.</mensagem>
  <mensagem value="A578">O ve%EDculo est%E1 impedido. Motivo: [Motivo]</mensagem>
  <mensagem value="A579">N%E3o existe balan%E7a no endereco IP correspondente.</mensagem>
  <mensagem value="A580">Ve%EDculo em movimento.</mensagem>
  <mensagem value="A581">[Tanques] (manifestado bordo) sem medicao informada. Confirma%3F</mensagem>
  <mensagem value="A582">A massa calculada ([massa]) %E9 incompat%EDvel com a massa da balan%E7a ([balanca]). Confirma%3F</mensagem>
  <mensagem value="A583">C%F3digo da Frota deve ser diferente do n%FAmero da placa para equipamento pr%F3prio</mensagem>
  <mensagem value="A584">CNPJ do emissor da nota n%E3o confere com o CNPJ do cliente.</mensagem>
  <mensagem value="A585">C%F3digo de Frota para Equipamento pr%F3prio deve conter somente n%FAmero</mensagem>
  <mensagem value="A586">Formato para placa deve ser tres Letras seguido por quatro N%FAmeros</mensagem>
  <mensagem value="A587">C%F3digo de Frota deve ser igual do n%FAmero da placa para equipamento Subcontratado</mensagem>
  <mensagem value="A588">Valor total da nota n%E3o confere com o valor dos produtos, frete, seguro, outras despesas e IPI.</mensagem>
  <mensagem value="A589">Frota de terceiros n%E3o permite propriet%E1rio Transultra</mensagem>
  <mensagem value="A590">Esta placa est%E1 com bloqueio por equipamento adulterado. Cadastro n%E3o permitido</mensagem>
  <mensagem value="A591">Selecionar uma programa%E7%E3o para check-in</mensagem>
  <mensagem value="A592">Tanque com produto cativo diferente do produto programado.</mensagem>
  <mensagem value="A593">SRT1 com CVV vencido. Carga n%E3o permitida.</mensagem>
  <mensagem value="A594">SRT2 com CVV vencido. Carga n%E3o permitida.</mensagem>
  <mensagem value="A595">Truck com CVV vencido. Carga n%E3o permitida.</mensagem>
  <mensagem value="A596">Contrato obrigat%F3rio.</mensagem>
  <mensagem value="A597">O volume calculado ([Capacidade_cal]) %E9 inferior a capacidade %FAtil m%EDnima ([Capac_util]) da carreta em [Valor] pontos percentuais.</mensagem>
  <mensagem value="A598">O volume calculado ([Capacidade_cal]) excede a capacidade %FAtil m%E1xima ([Capac_util]) da carreta em [Valor]% pontos percentuais.</mensagem>
  <mensagem value="A599">Data de Medi%E7%E3o inicial n%E3o pode ser inferior a ultima medi%E7%E3o do tanque.</mensagem>
  <mensagem value="A600">N%E3o existe produto cadastrado na fcvolume.</mensagem>
  <mensagem value="A601">Fator de corre%E7%E3o nE3o poder ser igual a Zero.</mensagem>
  <mensagem value="A602">Necess%F3rio informar Densidade Vapor.</mensagem>
  <mensagem value="A603">Favor escolher um tanque!.</mensagem>
  <mensagem value="A604">J%E1 existe um registro de entrada desse ve%EDculo na data/hora informada!</mensagem>
  <mensagem value="A605">Aten%E7%E3o! Ser%E3o impressas [qtdnotas] notas.</mensagem>
  <mensagem value="A606">Aten%E7%E3o CE %E9 obrigat%F3rio para descarga importada. Sem CE n%E3o ser%E1 poss%EDvel fazer check-in do navio.Deseja Continuar%3F</mensagem>
  <mensagem value="A607">N%E3o h%E1 programa%E7%E3o para este distribuidor com o cliente informado.</mensagem>
  <mensagem value="A608">A quantidade total n%E3o pode ser maior que o saldo da DA.</mensagem>
  <mensagem value="A609">Informe o motivo do ajuste.</mensagem>
  <mensagem value="A610">N%E3o encontrada nota com a chave de acesso informada.</mensagem>
  <mensagem value="A611">Emissor da nota difere do cliente desta opera%E7%E3o.</mensagem>
  <mensagem value="A612">Produto da nota n%E3o cadastrado no Integra</mensagem>
  <mensagem value="A613">Produto da nota difere do produto desta opera%E7%E3o.</mensagem>
  <mensagem value="A614">Quantidade da nota difere da quantidade movimentada.</mensagem>
  <mensagem value="A615">Saldo do cliente neste tanque/pool %E9 de [saldo]([unidade]), com [qtdeCarga]([unidade]) em carregamento e [qtsaldopropbloq]([unidade]) bloqueado. Dispon%EDvel para direcionamento apenas [dispo]([unidade]), insuficiente para opera%E7%E3o atual de [qtdmov]([unidade]). Confirma%3F</mensagem>
  <mensagem value="A616">Encerramento n%E3o permitido. Saldo cont%E1bil ficar%E1 negativo em [saldo]. Por favor, contate a equipe de planejamento/log%EDstica para provid%EAncias.</mensagem>
  <mensagem value="A617">J%E1 existe um registro de entrada com esta chave de acesso (DANFE) informada!</mensagem>
  <mensagem value="A618">e-Ticket j%E1 utilizado em outro check-in!</mensagem>
  <mensagem value="A619">Truck com CVV vencido. N%E3o %E9 poss%EDvel efetuar carga/descarga de combust%EDvel.</mensagem>
  <mensagem value="A620">Truck sem CVV. N%E3o %E9 poss%EDvel efetuar carga/descarga de combust%EDvel.</mensagem>
  <mensagem value="A621">SRT1 com CVV vencido.  N%E3o %E9 poss%EDvel efetuar carga/descarga de combust%EDvel.</mensagem>
  <mensagem value="A622">SRT1 sem CVV. N%E3o %E9 poss%EDvel efetuar carga/descarga de combust%EDvel.</mensagem>
  <mensagem value="A623">SRT2 com CVV vencido. N%E3o %E9 poss%EDvel efetuar carga/descarga de combust%EDvel.</mensagem>
  <mensagem value="A624">SRT2 sem CVV. N%E3o %E9 poss%EDvel efetuar carga/descarga de combust%EDvel.</mensagem>
  <mensagem value="A625">SRT1 e SRT2 com CVV vencido. N%E3o %E9 poss%EDvel efetuar carga/descarga de combust%EDvel.</mensagem>
  <mensagem value="A626">SRT1 e SRT2 sem CVV. N%E3o %E9 poss%EDvel efetuar carga/descarga de combust%EDvel.</mensagem>
  <mensagem value="A627">SRT1 com CVV vencido e SRT2 sem CVV. N%E3o %E9 poss%EDvel efetuar carga/descarga de combust%EDvel.</mensagem>
  <mensagem value="A628">SRT1 sem CVV e SRT2 com CVV vencido. N%E3o %E9 poss%EDvel efetuar carga/descarga de combust%EDvel.</mensagem>
  <mensagem value="A629">Saldo fiscal insuficiente. Ve%EDculo bloqueado.</mensagem>
  <mensagem value="A630">Lote inexistente nesta D.A.</mensagem>
  <mensagem value="A631">Transportadora sem licen%E7a ambiental para o trajeto. Verifique documenta%E7%E3o com o condutor, acerte o cadastro da transportadora e faça novo check-in</mensagem>
  <mensagem value="A632">A quantidade informada %E9 maior do que o saldo cont%E1bil dispon%EDvel</mensagem>
  <mensagem value="A633">N%E3o existe estoque cont%E1bil dispon%EDvel para este cliente / tanque / produto.</mensagem>
  <mensagem value="A634">Status atual do CDA n%E3o permite sua exclus%E3o.</mensagem>
  <mensagem value="A635">N%E3o existe estoque Lote de Exporta%E7%E3o suficiente ([saldo]) para atender este CDA ([qtdeCDA]).</mensagem>
  <mensagem value="A636">N%E3o existe saldo suficiente ([saldo]) no CDA para atender esta PA).</mensagem>
  <mensagem value="A637">CDA j%E1 movimentado. N%E3o %E9 mais poss%EDvel rejeitar.</mensagem>
  <mensagem value="A638">Tanque com saldo bloqueado de [saldo] [unidade]. Confirma a programa%E7%E3o%3F </mensagem>
  <mensagem value="A639">Saldo do cliente vendedor neste tanque %E9 de [saldo]([unidade]), com [qtdeCarga]([unidade]) em carregamento e [qtsaldopropbloq]([unidade]) bloqueado(s). Dispon%EDvel para venda apenas [dispo]([unidade]), insuficiente para opera%E7%E3o atual de [qtdmov]([unidade]).</mensagem>
  <mensagem value="A640">Saldo do cliente no tanque %E9 de [saldo]([unidade]) com [qtsaldopropbloq]([unidade]) bloqueado(s). Dispon%EDvel para transfer%EAncia/ajuste apenas [dispo]([unidade]), insuficiente para opera%E7%E3o atual de [qtdmov]([unidade]).</mensagem>
  <mensagem value="A641">Tanque com saldo bloqueado de [saldo] [unidade]. Transfer%EAncia n%E3o permitida. </mensagem>
  <mensagem value="A642">Saldo do cliente no tanque de origem %E9 de [saldo]([unidade]), com [qtdeCarga]([unidade]) em carregamento e [qtsaldopropbloq]([unidade]) bloqueado(s). Dispon%EDvel para transfer%EAncia apenas [dispo]([unidade]), insuficiente para opera%E7%E3o atual de [qtdmov]([unidade]).</mensagem>
  <mensagem value="A643">Saldo do cliente para o produto [dsnomefantasiaproduto] neste tanque/pool %E9 de [saldo]([unidade]), com [qtdeCarga]([unidade]) em carregamento e [qtsaldopropbloq]([unidade]) bloqueado. Dispon%EDvel para direcionamento apenas [dispo]([unidade]), insuficiente para opera%E7%E3o atual de [qtdmov]([unidade]). Confirma%3F</mensagem>
  <mensagem value="A644">Encerramento n%E3o permitido. Saldo cont%E1bil do produto [dsnomefantasiaproduto] ficar%E1 negativo em [saldo]. Por favor, contate a equipe de planejamento/log%EDstica para provid%EAncias.</mensagem>
  <mensagem value="A900">OBTERFECHAMENTOXX NAO TEM PROBLEMA - ERRO 0.</mensagem>
  <mensagem value="A901">OBTERFECHAMENTOXX NAO TEM PROBLEMA - ERRO 5 - NENHUM REGISTRO ENCONTRADO.</mensagem>
  <mensagem value="A902">XML OBTERFECHAMENTOXX RETORNA VAZIO - NENHUM REGISTRO ENCONTRADO.</mensagem>
  <mensagem value="A903">OBTERTOTALMOVIMENTADO NAO TEM PROBLEMA - ERRO 0.</mensagem>
  <mensagem value="A904">OBTERTOTALMOVIMENTADO NAO TEM PROBLEMA - ERRO 5 - NENHUM REGISTRO ENCONTRADO.</mensagem>
  <mensagem value="A905">A Hora Inicial de Restri%E7%E3o de Ped%E1gio n%E3o pode ser maior que a Hora Final de Restri%E7%E3o de Ped%E1gio.</mensagem>
  <mensagem value="A991">J%E1 existe munic%EDpio com este Nome e Estado informado.</mensagem>
  <mensagem value="A992">Produto ou Volume n%E3o informados.</mensagem>
  <mensagem value="A993">N%E3o %E9 poss%EDvel utilizar esse n%FAmero da FAC%2C porque o mesmo j%E1 est%E1 em uso.</mensagem>
  <mensagem value="A994">Imprimir FAC completa%3F</mensagem>
  <mensagem value="A995">As quantidades j%E1 movimentadas e programadas excedem em [l_nrQtdeTotal] a quantidade contratada.</mensagem>
  <mensagem value="A996">A quantidade desta carreta mais as quantidades j%E1 movimentadas e em opera%E7%E3o [l_nrQtdeTotal] excedem a quantidade contratada [intnrqtdContratada].</mensagem>
  <mensagem value="A997">A quantidade desta carreta excede em [intnrqtdContratada] a quantidade contratada [dsProduto]. Direcionamento impedido. Contate o setor comercial.</mensagem>
  <mensagem value="A998">Produto sem densidade cadastrada. Nao foi possivel gerar a PA.</mensagem>
  <mensagem value="A999">Aten%E7%E3o: Tanques em regime de pool apresentar%E3o diverg%EAncias nas informa%E7%F5es e n%E3o devem ser consideradas para an%E1lise neste relat%F3rio</mensagem>
  <mensagem value="A1000">Preencha o motivo da altera%E7%E3o manual de densidade e temperatura.</mensagem>
  <mensagem value="A1001">Deseja Estornar Pend%EAncia Fiscal%3F</mensagem>
  <mensagem value="A1002">Nota enviada para SEFAZ.</mensagem>
  <mensagem value="A1003">Solicita%E7%E3o enviada %E0 SEFAZ.</mensagem>
  <mensagem value="A1004">O Check-Out deste ve%EDculo j%E1 foi realizado.</mensagem>
  <mensagem value="A1005">Deseja ir para o Check-Out%3F</mensagem>
  <mensagem value="A1006">Produto n%E3o faz parte do Contrato vigente com o Cliente.</mensagem>
  <mensagem value="A1007">O tanque est%E1 registrado para outro cliente. Confirma%3F</mensagem>
  <mensagem value="A1008">O saldo do tanque dispon%EDvel para carga %E9 de [es_qtSaldoTanqueDisponivel].
  Insuficiente para opera%E7%E3o em direcionamento de [ldbl_QtCarga].
  O estoque f%EDsico dispon%EDvel no tanque %E9 de [es_qtFisico].
   - [es_qtSaldoEntrepostoDisponivel] em saldo entrepostado.
   - [es_qtsaldoPendenciaDescargaLongoCurso] em pend%EAncia descarga importa%E7%E3o longo curso.
   - [es_qtSaldoCarregamento] em carregamento.</mensagem>
  <mensagem value="A1009">O saldo do tanque dispon%EDvel para carga %E9 de [es_qtSaldoTanqueDisponivel].
  O estoque f%EDsico dispon%EDvel no tanque %E9 de [es_qtFisico].
   - [es_qtSaldoEntrepostoDisponivel] em saldo entrepostado.
   - [es_qtsaldoPendenciaDescargaLongoCurso] em pend%EAncia descarga importa%E7%E3o longo curso.
   - [es_qtSaldoCarregamento] em carregamento.</mensagem>
  <mensagem value="A1010">O saldo do tanque dispon%EDvel para carga %E9 de [es_qtSaldoTanqueDisponivel].
   - [es_qtSaldoEntrepostoDisponivel] em saldo entrepostado.
   - [es_qtsaldoPendenciaDescargaLongoCurso] em pend%EAncia descarga importa%E7%E3o longo curso.
   - [es_qtSaldoCarregamento] em carregamento.
   N%E3o %E9 permitido retirar saldo do tanque de origem.</mensagem>
  <mensagem value="A1011">Opera%E7%E3o realizada com Sucesso.
  
  O tanque continuar%E1 suspenso pois %E9 neces%E1rio atualiza%E7%E3o do certificado de an%E1lise.</mensagem>
  <mensagem value="A1012">Aten%E7%E3o: Esta opera%E7%E3o exige o anexo do certificado de an%E1lise do produto. Confirma a anexa%E7%E3o do laudo %E0 nota fiscal%3F</mensagem>
  <mensagem value="A1013">Aten%E7%E3o: Check-out n%E3o permitido%21 O certificado de an%E1lise do produto n%E3o est%E1 informado no cadastro de tanque. Por favor alertar a equipe de Opera%E7%E3o/Planejamento.</mensagem>
  <mensagem value="A1014">Espa%E7o dispon%EDvel para apenas [ldbl_EspacLivre] [pd_dsUnidade]. Para operar no tanque [strcddeposito] ser%E1 necess%E1rio autoriza%E7%E3o do respons%E1vel. Deseja solicita%E7%E3o de autoriza%E7%E3o de descarga%3F</mensagem>
  <mensagem value="A1015">Produto n%E3o faz parte do contrato vigente com o cliente vendedor.</mensagem>
  <mensagem value="A1016">Produto n%E3o faz parte do contrato vigente com o cliente comprador.</mensagem>
  <mensagem value="A1017">O tanque est%E1 registrado para outro cliente.</mensagem>
  <mensagem value="A1018">Informar pelo menos um CE para a opera%E7%E3o que deseja encerrar pend%EAncia fiscal.</mensagem>
  <mensagem value="A1019">Existem PA(s)/Item(ns) com o flag Retorno com nota do cliente selecionado e outras sem selecionar. %C9 necess%E1rio ter um %FAnico tipo para gerar a nota.</mensagem>
  <mensagem value="A1020">Retornou mais de uma natureza de opera%E7%E3o na pesquisa cliente. Verificar o cadastro de Natureza de Opera%E7%E3o.</mensagem>
  <mensagem value="A1021">Retornou mais de uma natureza de opera%E7%E3o na pesquisa gen%E9rica. Verificar o cadastro de Natureza de Opera%E7%E3o.</mensagem>
  <mensagem value="A1022">O sistema n%E3o conseguiu determinar nenhuma Natureza de Opera%E7%E3o. Fa%E7a a sele%E7%E3o manual e informe %E0 %C1rea Fiscal.</mensagem>
  <mensagem value="A1023">A FAV [NUMERO] foi cancelada. Favor inutiliza-la. </mensagem>
  <mensagem value="A1024">Confirma o cancelamento da FAV%3F </mensagem>
  <mensagem value="A1025">N%E3o %E9 poss%EDvel utilizar esse n%FAmero da FAV%2C porque o mesmo j%E1 est%E1 em uso.</mensagem>
  <mensagem value="A1026">Imprimir FAV completa%3F</mensagem>
  <mensagem value="A1027">A data de vig%EAncia s%F3 pode ser efetuada para um per%EDodo anterior</mensagem>  
  <mensagem value="A1028">Check-in realizado sem chave de acesso, por favor, escriturar esta opera%E7%E3o pela tela de desembara%E7o fiscal.</mensagem>
  <mensagem value="A1029">Existe vag%E3o com quantidade zero na PA. Preencha corretamente a quantidade do vag%E3o ou exclua da PA.</mensagem>
  <mensagem value="A1030">Deve ser criado novo check-in para o vag%E3o exclu%EDdo.</mensagem>
  <mensagem value="A1031">J%E1 existe um registro de entrada desse ve%EDculo na data/hora informada ou e-Ticket j%E1 utilizado em outro check-in!</mensagem>
  <mensagem value="A1032">Saldo Fiscal ([saldo]), Pend%EAncia Fiscal Carga ([pendencia]), Reten%E7%E3o ([retencao]). Saldo Fiscal Dispon%EDvel ([disponivel]) baixo ou insuficiente para esta Opera%E7%E3o ([quantidade]).</mensagem>
  <mensagem value="A1033">Espa%E7o ocupado: [nrsaldoatual], cargas em andamento: [qtrodo], espa%E7o contratado: [nrespacoprod]m3. Quantidade em compra pelo cliente excede o espa%E7o contratado em [nrexcedente] litros. [dscalculo].</mensagem>
  <mensagem value="A1034">O produto atual do tanque [dsdeposito] ainda possui saldo Cont%E1bil no tanque, providenciar transfer%EAncia ou zerar o saldo Cont%E1bil, continua? %3F</mensagem>
  <mensagem value="A1035">Saldo do cliente neste tanque/pool %E9 de [saldo]([unidade]), com [qtdeCarga]([unidade]) em carregamento e [qtsaldopropbloq]([unidade]) bloqueado. Dispon%EDvel para direcionamento apenas [dispo]([unidade]), insuficiente para opera%E7%E3o atual de [qtdmov]([unidade]).</mensagem>
  <mensagem value="A1036">Diferen%E7a entre o peso bruto do cliente ([nrbrutocliente]) e a pesagem inicial do terminal ([nrpesoterminal]) maior do que a toler%E2ncia ([nrtolpesobruto])%25. Confirma a pesagem%3F</mensagem>
  <mensagem value="PW101">Aten%E7%E3o: Seu usu%E1rio ser%E1 bloqueado na pr%F3xima tentativa com insucesso.
  
  Utilize a op%E7%E3o "Esqueci a Senha!" para receber sua senha por e-mail ou desbloquear seu usu%E1rio.</mensagem>
  <mensagem value="PW102">Usu%E1rio Inativo.</mensagem>
  <system>
    <mensagem value="0">N%E3o h%E1 retorno de Erro Adequado. (00000)</mensagem>
    <mensagem value="8">CNPJ j%E1 cadastrado. (00008)</mensagem>
    <mensagem value="-2147217900">N%FAmero errado ou tipos de argumentos na chamada n%E3o indicados no PROCEDIMENTO. PL/SQL%3A ignorada (06550)</mensagem>
    <mensagem value="-1400">N%E3o e poss%EDvel inserir NULL. (01400)</mensagem>
    <mensagem value="">null</mensagem>
    <mensagem value="-1407">N%E3o %E9 poss%EDvel atualizar para nulo. (-01407)</mensagem>
    <mensagem value="-2290">Opera%E7%E3o n%E3o realizada - Registro sendo utilizado. (02290)</mensagem>
    <mensagem value="438">Objeto n%E3o suporta esta propriedade ou m%E9todo. (00438)</mensagem>
    <mensagem value="9">Subscri%E7%E3o fora da escala. (00009)</mensagem>
    <mensagem value="-1847">O dia informado deve estar entre o primeiro e o %FAltimo dia do m%EAs. (01847)</mensagem>
    <mensagem value="13">Tipo inv%E1lido. (00013)</mensagem>
    <mensagem value="-2292">Opera%E7%E3o n%E3o realizada - Registro sendo utilizado. (02292)</mensagem>
    <mensagem value="-1401">O valor inserido e muito grande para a coluna. (01401)</mensagem>
    <mensagem value="-2291">Restri%E7%E3o de Integridade. Chave m%E3e n%E3o localizada. (02291)</mensagem>
    <mensagem value="91">Objeto vari%E1vel ou bloco vari%E1vel n%E3o ajustado. (00091)</mensagem>
    <mensagem value="-2147217904">Vari%E1veis n%E3o limitadas. (01008)</mensagem>
    <mensagem value="-2049">Operaa%E7%E3o n%E3o realizada. Tempo esgotado. (02049)</mensagem>
    <mensagem value="3421">Tipo de valor errado para a opera%E7%E3o atual. (03421)</mensagem>
    <mensagem value="-1438">Valor maior do que o permitido para esta coluna. (01438)</mensagem>
    <mensagem value="-200">Erro na conex%E3o. (00200)</mensagem>
    <mensagem value="-1">Opera%E7%E3o n%E3o realizada. J%E1 existe um Registro com a mesma chave.</mensagem>
    <mensagem value="3001">Os argumentos s%E3o invalidos. (03001)</mensagem>
    <mensagem value="94">Uso inv%E1lido de NULO. (00094)</mensagem>
    <mensagem value="-1072896680">O documento XML deve ter um elemento de n%EDvel superior. (896680)</mensagem>
    <mensagem value="0A115"></mensagem>
    <mensagem value="0A115A115A115A115"></mensagem>
    <mensagem value="429">O componente ActiveX n%E3o pode criar o objeto. (00429)</mensagem>
    <mensagem value="32797">O m%E9todo %27%7E%27 do objeto %27%7E%27 falhou. (32797)</mensagem>
    <mensagem value="-2147467259">Erro na execu%E7%E3o de um m%E9todo na classe de Dados. A al%E7a de declara%E7%E3o n%E3o executada. (24338)</mensagem>
    <mensagem value="-1861">A literal does not match format string. (01861)</mensagem>
    <mensagem value="-2147217887">Opera%E7%E3o de v%E1rios passos gerou erro. (217887)</mensagem>
    <mensagem value="-1843">N%E3o %E9 um m%EAs v%E1lido. (01843)</mensagem>
    <mensagem value="-1830">A imagem do formato da data termina antes de converter a string de entrada inteira. (01830)</mensagem>
    <mensagem value="1999">J%E1 existe um m%E9todo com a mesma descri%E7%E3o.</mensagem>
    <mensagem value="9210">Pesquisa retorna muitos registros. Melhore o filtro!</mensagem>
    <mensagem value="9211">Pesquisa retorna muitos registros. Favor restringir filtros e pesquisar novamente.</mensagem>
	<mensagem value="-6">Ocorreu overflow. Informe o suporte.</mensagem>
    <mensagem value="G1">Um ou mais campos referentes ao Volume est%E3o nulos. Os dados podem ser salvos, por%E9m, a ativa%E7%E3o do tanque n%E3o ser%E1 efetuada. </mensagem>
  </system>
</root>